INSERT INTO player(name,DOB,kit_number,position) VALUES ('Justin Herbert','1998-03-10',10,'QB');
INSERT INTO player(name,DOB,kit_number,position) VALUES ('Matthew Stafford','1988-02-07',9,'QB');
INSERT INTO player(name,DOB,kit_number,position) VALUES ('Patrick Mahomes','1995-09-17',15,'QB');
INSERT INTO player(name,DOB,kit_number,position) VALUES ('Derek Carr','1991-03-28',4,'QB');
INSERT INTO player(name,DOB,kit_number,position) VALUES ('Joe Burrow','1996-12-10',9,'QB');
INSERT INTO player(name,DOB,kit_number,position) VALUES ('Dak Prescott','1993-07-29',4,'QB');
INSERT INTO player(name,DOB,kit_number,position) VALUES ('Josh Allen','1996-05-21',17,'QB');
INSERT INTO player(name,DOB,kit_number,position) VALUES ('Kirk Cousins','1988-08-19',12,'QB');
INSERT INTO player(name,DOB,kit_number,position) VALUES ('Aaron Rodgers','1983-12-02',12,'QB');
INSERT INTO player(name,DOB,kit_number,position) VALUES ('Matt Ryan','1985-05-17',2,'QB');
INSERT INTO player(name,DOB,kit_number,position) VALUES ('Jimmy Garoppolo','1991-11-02',10,'QB');
INSERT INTO player(name,DOB,kit_number,position) VALUES ('Mac Jones','1998-09-05',17,'QB');
INSERT INTO player(name,DOB,kit_number,position) VALUES ('Kyler Murray','1997-08-07',1,'QB');
INSERT INTO player(name,DOB,kit_number,position) VALUES ('Ben Roethlisberger','1982-03-02',7,'QB');
INSERT INTO player(name,DOB,kit_number,position) VALUES ('Ryan Tannehill','1988-07-27',17,'QB');
INSERT INTO player(name,DOB,kit_number,position) VALUES ('Trevor Lawrence','1999-10-06',17,'QB');
INSERT INTO player(name,DOB,kit_number,position) VALUES ('Carson Wentz','1992-12-30',2,'QB');
INSERT INTO player(name,DOB,kit_number,position) VALUES ('Taylor Heinicke','1993-03-15',6,'QB');
INSERT INTO player(name,DOB,kit_number,position) VALUES ('Jared Goff','1994-10-14',16,'QB');
INSERT INTO player(name,DOB,kit_number,position) VALUES ('Jalen Hurts','1998-08-07',1,'QB');
INSERT INTO player(name,DOB,kit_number,position) VALUES ('Russell Wilson','1988-11-29',3,'QB');
INSERT INTO player(name,DOB,kit_number,position) VALUES ('Teddy Bridgewater','1992-11-10',5,'QB');
INSERT INTO player(name,DOB,kit_number,position) VALUES ('Baker Mayfield','1995-04-14',6,'QB');
INSERT INTO player(name,DOB,kit_number,position) VALUES ('Lamar Jackson','1997-01-07',8,'QB');
INSERT INTO player(name,DOB,kit_number,position) VALUES ('Davis Mills','1998-10-21',13,'QB');
INSERT INTO player(name,DOB,kit_number,position) VALUES ('Tua Tagovailoa','1998-03-02',1,'QB');
INSERT INTO player(name,DOB,kit_number,position) VALUES ('Sam Darnold','1997-06-05',14,'QB');
INSERT INTO player(name,DOB,kit_number,position) VALUES ('Daniel Jones','1997-05-27',8,'QB');
INSERT INTO player(name,DOB,kit_number,position) VALUES ('Zach Wilson','1999-08-03',13,'QB');
INSERT INTO player(name,DOB,kit_number,position) VALUES ('Justin Fields','1999-03-05',12,'QB');
INSERT INTO player(name,DOB,kit_number,position) VALUES ('Andy Dalton','1987-10-29',14,'QB');
INSERT INTO player(name,DOB,kit_number,position) VALUES ('Jacoby Brissett','1992-12-11',14,'QB');
INSERT INTO player(name,DOB,kit_number,position) VALUES ('Jameis Winston','1994-01-06',2,'QB');
INSERT INTO player(name,DOB,kit_number,position) VALUES ('Trevor Siemian','1991-12-26',19,'QB');
INSERT INTO player(name,DOB,kit_number,position) VALUES ('Tyler Huntley','1998-02-03',9,'QB');
INSERT INTO player(name,DOB,kit_number,position) VALUES ('Taysom Hill','1990-08-23',7,'QB');
INSERT INTO player(name,DOB,kit_number,position) VALUES ('Tyrod Taylor','1989-08-03',2,'QB');
INSERT INTO player(name,DOB,kit_number,position) VALUES ('Mike White','1995-03-25',4,'QB');
INSERT INTO player(name,DOB,kit_number,position) VALUES ('Mike Glennon','1989-12-12',7,'QB');
INSERT INTO player(name,DOB,kit_number,position) VALUES ('Drew Lock','1996-11-10',3,'QB');
INSERT INTO player(name,DOB,kit_number,position) VALUES ('Colt McCoy','1986-09-05',2,'QB');
INSERT INTO player(name,DOB,kit_number,position) VALUES ('Geno Smith','1990-10-10',3,'QB');
INSERT INTO player(name,DOB,kit_number,position) VALUES ('Cam Newton','1989-05-11',1,'QB');
INSERT INTO player(name,DOB,kit_number,position) VALUES ('Josh Johnson','1986-05-15',11,'QB');
INSERT INTO player(name,DOB,kit_number,position) VALUES ('Trey Lance','2000-05-09',6,'QB');
INSERT INTO player(name,DOB,kit_number,position) VALUES ('Tim Boyle','1994-10-03',12,'QB');
INSERT INTO player(name,DOB,kit_number,position) VALUES ('Case Keenum','1988-02-17',7,'QB');
INSERT INTO player(name,DOB,kit_number,position) VALUES ('Gardner Minshew II','1996-05-16',10,'QB');
INSERT INTO player(name,DOB,kit_number,position) VALUES ('Cooper Rush','1993-11-21',10,'QB');
INSERT INTO player(name,DOB,kit_number,position) VALUES ('Jordan Love','1998-11-02',6,'QB');
INSERT INTO player(name,DOB,kit_number,position) VALUES ('P.J. Walker','1995-02-26',6,'QB');
INSERT INTO player(name,DOB,kit_number,position) VALUES ('Joe Flacco','1985-01-16',5,'QB');
INSERT INTO player(name,DOB,kit_number,position) VALUES ('Mason Rudolph','1995-07-17',17,'QB');
INSERT INTO player(name,DOB,kit_number,position) VALUES ('Nick Foles','1989-01-20',5,'QB');
INSERT INTO player(name,DOB,kit_number,position) VALUES ('Brian Hoyer','1985-10-13',8,'QB');
INSERT INTO player(name,DOB,kit_number,position) VALUES ('Jake Fromm','1998-07-30',3,'QB');
INSERT INTO player(name,DOB,kit_number,position) VALUES ('Garrett Gilbert','1991-07-01',19,'QB');
INSERT INTO player(name,DOB,kit_number,position) VALUES ('Sean Mannion','1992-04-25',14,'QB');
INSERT INTO player(name,DOB,kit_number,position) VALUES ('Brandon Allen','1992-09-05',8,'QB');
INSERT INTO player(name,DOB,kit_number,position) VALUES ('Nick Mullens','1995-03-21',9,'QB');
INSERT INTO player(name,DOB,kit_number,position) VALUES ('Ian Book','1998-03-30',16,'QB');
INSERT INTO player_stats(name,season,running_yards,throwing_yards,sacks,catches,touchdowns,punt_returns,field_goals) VALUES ('Justin Herbert',2021,63,5014,0,0,38,0,0);
INSERT INTO player_stats(name,season,running_yards,throwing_yards,sacks,catches,touchdowns,punt_returns,field_goals) VALUES ('Matthew Stafford',2021,0,4886,0,0,41,0,0);
INSERT INTO player_stats(name,season,running_yards,throwing_yards,sacks,catches,touchdowns,punt_returns,field_goals) VALUES ('Patrick Mahomes',2021,0,4839,0,0,37,0,0);
INSERT INTO player_stats(name,season,running_yards,throwing_yards,sacks,catches,touchdowns,punt_returns,field_goals) VALUES ('Derek Carr',2021,0,4804,0,0,23,0,0);
INSERT INTO player_stats(name,season,running_yards,throwing_yards,sacks,catches,touchdowns,punt_returns,field_goals) VALUES ('Joe Burrow',2021,0,4611,0,0,34,0,0);
INSERT INTO player_stats(name,season,running_yards,throwing_yards,sacks,catches,touchdowns,punt_returns,field_goals) VALUES ('Dak Prescott',2021,0,4449,0,0,37,0,0);
INSERT INTO player_stats(name,season,running_yards,throwing_yards,sacks,catches,touchdowns,punt_returns,field_goals) VALUES ('Josh Allen',2021,763,4407,0,0,36,0,0);
INSERT INTO player_stats(name,season,running_yards,throwing_yards,sacks,catches,touchdowns,punt_returns,field_goals) VALUES ('Kirk Cousins',2021,0,4221,0,0,33,0,0);
INSERT INTO player_stats(name,season,running_yards,throwing_yards,sacks,catches,touchdowns,punt_returns,field_goals) VALUES ('Aaron Rodgers',2021,0,4115,0,0,37,0,0);
INSERT INTO player_stats(name,season,running_yards,throwing_yards,sacks,catches,touchdowns,punt_returns,field_goals) VALUES ('Matt Ryan',2021,0,3968,0,0,20,0,0);
INSERT INTO player_stats(name,season,running_yards,throwing_yards,sacks,catches,touchdowns,punt_returns,field_goals) VALUES ('Jimmy Garoppolo',2021,0,3810,0,0,20,0,0);
INSERT INTO player_stats(name,season,running_yards,throwing_yards,sacks,catches,touchdowns,punt_returns,field_goals) VALUES ('Mac Jones',2021,0,3801,0,0,22,0,0);
INSERT INTO player_stats(name,season,running_yards,throwing_yards,sacks,catches,touchdowns,punt_returns,field_goals) VALUES ('Kyler Murray',2021,423,3787,0,0,24,0,0);
INSERT INTO player_stats(name,season,running_yards,throwing_yards,sacks,catches,touchdowns,punt_returns,field_goals) VALUES ('Ben Roethlisberger',2021,0,3740,0,0,22,0,0);
INSERT INTO player_stats(name,season,running_yards,throwing_yards,sacks,catches,touchdowns,punt_returns,field_goals) VALUES ('Ryan Tannehill',2021,0,3734,0,0,21,0,0);
INSERT INTO player_stats(name,season,running_yards,throwing_yards,sacks,catches,touchdowns,punt_returns,field_goals) VALUES ('Trevor Lawrence',2021,0,3641,0,0,12,0,0);
INSERT INTO player_stats(name,season,running_yards,throwing_yards,sacks,catches,touchdowns,punt_returns,field_goals) VALUES ('Carson Wentz',2021,0,3563,0,0,27,0,0);
INSERT INTO player_stats(name,season,running_yards,throwing_yards,sacks,catches,touchdowns,punt_returns,field_goals) VALUES ('Taylor Heinicke',2021,0,3419,0,0,20,0,0);
INSERT INTO player_stats(name,season,running_yards,throwing_yards,sacks,catches,touchdowns,punt_returns,field_goals) VALUES ('Jared Goff',2021,0,3245,0,0,19,0,0);
INSERT INTO player_stats(name,season,running_yards,throwing_yards,sacks,catches,touchdowns,punt_returns,field_goals) VALUES ('Jalen Hurts',2021,0,3144,0,0,16,0,0);
INSERT INTO player_stats(name,season,running_yards,throwing_yards,sacks,catches,touchdowns,punt_returns,field_goals) VALUES ('Russell Wilson',2021,0,3113,0,0,25,0,0);
INSERT INTO player_stats(name,season,running_yards,throwing_yards,sacks,catches,touchdowns,punt_returns,field_goals) VALUES ('Teddy Bridgewater',2021,0,3052,0,0,18,0,0);
INSERT INTO player_stats(name,season,running_yards,throwing_yards,sacks,catches,touchdowns,punt_returns,field_goals) VALUES ('Baker Mayfield',2021,0,3010,0,0,17,0,0);
INSERT INTO player_stats(name,season,running_yards,throwing_yards,sacks,catches,touchdowns,punt_returns,field_goals) VALUES ('Lamar Jackson',2021,767,2882,0,0,16,0,0);
INSERT INTO player_stats(name,season,running_yards,throwing_yards,sacks,catches,touchdowns,punt_returns,field_goals) VALUES ('Davis Mills',2021,0,2664,0,0,16,0,0);
INSERT INTO player_stats(name,season,running_yards,throwing_yards,sacks,catches,touchdowns,punt_returns,field_goals) VALUES ('Tua Tagovailoa',2021,0,2653,0,0,16,0,0);
INSERT INTO player_stats(name,season,running_yards,throwing_yards,sacks,catches,touchdowns,punt_returns,field_goals) VALUES ('Sam Darnold',2021,0,2527,0,0,9,0,0);
INSERT INTO player_stats(name,season,running_yards,throwing_yards,sacks,catches,touchdowns,punt_returns,field_goals) VALUES ('Daniel Jones',2021,0,2428,0,0,10,0,0);
INSERT INTO player_stats(name,season,running_yards,throwing_yards,sacks,catches,touchdowns,punt_returns,field_goals) VALUES ('Zach Wilson',2021,0,2334,0,0,9,0,0);
INSERT INTO player_stats(name,season,running_yards,throwing_yards,sacks,catches,touchdowns,punt_returns,field_goals) VALUES ('Justin Fields',2021,0,1870,0,0,7,0,0);
INSERT INTO player_stats(name,season,running_yards,throwing_yards,sacks,catches,touchdowns,punt_returns,field_goals) VALUES ('Andy Dalton',2021,0,1515,0,0,8,0,0);
INSERT INTO player_stats(name,season,running_yards,throwing_yards,sacks,catches,touchdowns,punt_returns,field_goals) VALUES ('Jacoby Brissett',2021,0,1283,0,0,5,0,0);
INSERT INTO player_stats(name,season,running_yards,throwing_yards,sacks,catches,touchdowns,punt_returns,field_goals) VALUES ('Jameis Winston',2021,0,1170,0,0,14,0,0);
INSERT INTO player_stats(name,season,running_yards,throwing_yards,sacks,catches,touchdowns,punt_returns,field_goals) VALUES ('Trevor Siemian',2021,0,1154,0,0,11,0,0);
INSERT INTO player_stats(name,season,running_yards,throwing_yards,sacks,catches,touchdowns,punt_returns,field_goals) VALUES ('Tyler Huntley',2021,0,1081,0,0,3,0,0);
INSERT INTO player_stats(name,season,running_yards,throwing_yards,sacks,catches,touchdowns,punt_returns,field_goals) VALUES ('Taysom Hill',2021,0,978,0,0,4,0,0);
INSERT INTO player_stats(name,season,running_yards,throwing_yards,sacks,catches,touchdowns,punt_returns,field_goals) VALUES ('Tyrod Taylor',2021,0,966,0,0,5,0,0);
INSERT INTO player_stats(name,season,running_yards,throwing_yards,sacks,catches,touchdowns,punt_returns,field_goals) VALUES ('Mike White',2021,0,953,0,0,5,0,0);
INSERT INTO player_stats(name,season,running_yards,throwing_yards,sacks,catches,touchdowns,punt_returns,field_goals) VALUES ('Mike Glennon',2021,0,790,0,0,4,0,0);
INSERT INTO player_stats(name,season,running_yards,throwing_yards,sacks,catches,touchdowns,punt_returns,field_goals) VALUES ('Drew Lock',2021,0,787,0,0,2,0,0);
INSERT INTO player_stats(name,season,running_yards,throwing_yards,sacks,catches,touchdowns,punt_returns,field_goals) VALUES ('Colt McCoy',2021,0,740,0,0,3,0,0);
INSERT INTO player_stats(name,season,running_yards,throwing_yards,sacks,catches,touchdowns,punt_returns,field_goals) VALUES ('Geno Smith',2021,0,702,0,0,5,0,0);
INSERT INTO player_stats(name,season,running_yards,throwing_yards,sacks,catches,touchdowns,punt_returns,field_goals) VALUES ('Cam Newton',2021,0,684,0,0,4,0,0);
INSERT INTO player_stats(name,season,running_yards,throwing_yards,sacks,catches,touchdowns,punt_returns,field_goals) VALUES ('Josh Johnson',2021,0,638,0,0,5,0,0);
INSERT INTO player_stats(name,season,running_yards,throwing_yards,sacks,catches,touchdowns,punt_returns,field_goals) VALUES ('Trey Lance',2021,0,603,0,0,5,0,0);
INSERT INTO player_stats(name,season,running_yards,throwing_yards,sacks,catches,touchdowns,punt_returns,field_goals) VALUES ('Tim Boyle',2021,0,526,0,0,3,0,0);
INSERT INTO player_stats(name,season,running_yards,throwing_yards,sacks,catches,touchdowns,punt_returns,field_goals) VALUES ('Case Keenum',2021,0,462,0,0,3,0,0);
INSERT INTO player_stats(name,season,running_yards,throwing_yards,sacks,catches,touchdowns,punt_returns,field_goals) VALUES ('Gardner Minshew II',2021,0,439,0,0,4,0,0);
INSERT INTO player_stats(name,season,running_yards,throwing_yards,sacks,catches,touchdowns,punt_returns,field_goals) VALUES ('Cooper Rush',2021,0,422,0,0,3,0,0);
INSERT INTO player_stats(name,season,running_yards,throwing_yards,sacks,catches,touchdowns,punt_returns,field_goals) VALUES ('Jordan Love',2021,0,411,0,0,2,0,0);
INSERT INTO player_stats(name,season,running_yards,throwing_yards,sacks,catches,touchdowns,punt_returns,field_goals) VALUES ('P.J. Walker',2021,0,362,0,0,1,0,0);
INSERT INTO player_stats(name,season,running_yards,throwing_yards,sacks,catches,touchdowns,punt_returns,field_goals) VALUES ('Joe Flacco',2021,0,338,0,0,3,0,0);
INSERT INTO player_stats(name,season,running_yards,throwing_yards,sacks,catches,touchdowns,punt_returns,field_goals) VALUES ('Mason Rudolph',2021,0,277,0,0,1,0,0);
INSERT INTO player_stats(name,season,running_yards,throwing_yards,sacks,catches,touchdowns,punt_returns,field_goals) VALUES ('Nick Foles',2021,0,250,0,0,1,0,0);
INSERT INTO player_stats(name,season,running_yards,throwing_yards,sacks,catches,touchdowns,punt_returns,field_goals) VALUES ('Brian Hoyer',2021,0,227,0,0,1,0,0);
INSERT INTO player_stats(name,season,running_yards,throwing_yards,sacks,catches,touchdowns,punt_returns,field_goals) VALUES ('Jake Fromm',2021,0,210,0,0,1,0,0);
INSERT INTO player_stats(name,season,running_yards,throwing_yards,sacks,catches,touchdowns,punt_returns,field_goals) VALUES ('Garrett Gilbert',2021,0,194,0,0,0,0,0);
INSERT INTO player_stats(name,season,running_yards,throwing_yards,sacks,catches,touchdowns,punt_returns,field_goals) VALUES ('Sean Mannion',2021,0,189,0,0,1,0,0);
INSERT INTO player_stats(name,season,running_yards,throwing_yards,sacks,catches,touchdowns,punt_returns,field_goals) VALUES ('Brandon Allen',2021,0,149,0,0,2,0,0);
INSERT INTO player_stats(name,season,running_yards,throwing_yards,sacks,catches,touchdowns,punt_returns,field_goals) VALUES ('Nick Mullens',2021,0,147,0,0,1,0,0);
INSERT INTO player_stats(name,season,running_yards,throwing_yards,sacks,catches,touchdowns,punt_returns,field_goals) VALUES ('Ian Book',2021,0,135,0,0,0,0,0);
INSERT INTO play_for(name,DOB,franchise,start,end) VALUES ('Justin Herbert','1998-03-10','Chargers',2020,2021);
INSERT INTO play_for(name,DOB,franchise,start,end) VALUES ('Matthew Stafford','1988-02-07','Rams',2021,2021);
INSERT INTO play_for(name,DOB,franchise,start,end) VALUES ('Matthew Stafford','1988-02-07','Lions',2009,2020);
INSERT INTO play_for(name,DOB,franchise,start,end) VALUES ('Patrick Mahomes','1995-09-17','Chiefs',2017,2021);
INSERT INTO play_for(name,DOB,franchise,start,end) VALUES ('Derek Carr','1991-03-28','Raiders',2014,2021);
INSERT INTO play_for(name,DOB,franchise,start,end) VALUES ('Joe Burrow','1996-12-10','Bengals',2020,2021);
INSERT INTO play_for(name,DOB,franchise,start,end) VALUES ('Dak Prescott','1993-07-29','Cowboys',2016,2021);
INSERT INTO play_for(name,DOB,franchise,start,end) VALUES ('Josh Allen','1996-05-21','Bills',2018,2021);
INSERT INTO play_for(name,DOB,franchise,start,end) VALUES ('Kirk Cousins','1988-08-19','Commanders',2012,2017);
INSERT INTO play_for(name,DOB,franchise,start,end) VALUES ('Kirk Cousins','1988-08-19','Vikings',2018,2021);
INSERT INTO play_for(name,DOB,franchise,start,end) VALUES ('Aaron Rodgers','1983-12-02','Packers',2005,2021);
INSERT INTO play_for(name,DOB,franchise,start,end) VALUES ('Matt Ryan','1985-05-17','Falcons',2008,2021);
INSERT INTO play_for(name,DOB,franchise,start,end) VALUES ('Jimmy Garoppolo','1991-11-02','Patriots',2014,2016);
INSERT INTO play_for(name,DOB,franchise,start,end) VALUES ('Jimmy Garoppolo','1991-11-02','49ers',2017,2021);
INSERT INTO play_for(name,DOB,franchise,start,end) VALUES ('Mac Jones','1998-09-05','Patriots',2021,2021);
INSERT INTO play_for(name,DOB,franchise,start,end) VALUES ('Kyler Murray','1997-08-07','Cardinals',2019,2021);
INSERT INTO play_for(name,DOB,franchise,start,end) VALUES ('Ben Roethlisberger','1982-03-02','Steelers',2004,2021);
INSERT INTO play_for(name,DOB,franchise,start,end) VALUES ('Ryan Tannehill','1988-07-27','Dolphins',2012,2018);
INSERT INTO play_for(name,DOB,franchise,start,end) VALUES ('Ryan Tannehill','1988-07-27','Titans',2019,2021);
INSERT INTO play_for(name,DOB,franchise,start,end) VALUES ('Trevor Lawrence','1999-10-06','Jaguars',2021,2021);
INSERT INTO play_for(name,DOB,franchise,start,end) VALUES ('Carson Wentz','1992-12-30','Eagles',2016,2020);
INSERT INTO play_for(name,DOB,franchise,start,end) VALUES ('Carson Wentz','1992-12-30','Colts',2021,2021);
INSERT INTO play_for(name,DOB,franchise,start,end) VALUES ('Taylor Heinicke','1993-03-15','Texans',2017,2017);
INSERT INTO play_for(name,DOB,franchise,start,end) VALUES ('Taylor Heinicke','1993-03-15','Panthers',2018,2018);
INSERT INTO play_for(name,DOB,franchise,start,end) VALUES ('Taylor Heinicke','1993-03-15','Commanders',2020,2021);
INSERT INTO play_for(name,DOB,franchise,start,end) VALUES ('Jared Goff','1994-10-14','Rams',2016,2020);
INSERT INTO play_for(name,DOB,franchise,start,end) VALUES ('Jared Goff','1994-10-14','Lions',2021,2021);
INSERT INTO play_for(name,DOB,franchise,start,end) VALUES ('Jalen Hurts','1998-08-07','Eagles',2020,2021);
INSERT INTO play_for(name,DOB,franchise,start,end) VALUES ('Russell Wilson','1988-11-29','Seahawks',2012,2021);
INSERT INTO play_for(name,DOB,franchise,start,end) VALUES ('Teddy Bridgewater','1992-11-10','Vikings',2014,2017);
INSERT INTO play_for(name,DOB,franchise,start,end) VALUES ('Teddy Bridgewater','1992-11-10','Saints',2018,2019);
INSERT INTO play_for(name,DOB,franchise,start,end) VALUES ('Teddy Bridgewater','1992-11-10','Panthers',2020,2020);
INSERT INTO play_for(name,DOB,franchise,start,end) VALUES ('Teddy Bridgewater','1992-11-10','Broncos',2021,2021);
INSERT INTO play_for(name,DOB,franchise,start,end) VALUES ('Baker Mayfield','1995-04-14','Browns',2018,2021);
INSERT INTO play_for(name,DOB,franchise,start,end) VALUES ('Lamar Jackson','1997-01-07','Ravens',2018,2021);
INSERT INTO play_for(name,DOB,franchise,start,end) VALUES ('Davis Mills','1998-10-21','Texans',2021,2021);
INSERT INTO play_for(name,DOB,franchise,start,end) VALUES ('Tua Tagovailoa','1998-03-02','Dolphins',2020,2021);
INSERT INTO play_for(name,DOB,franchise,start,end) VALUES ('Sam Darnold','1997-06-05','Jets',2018,2020);
INSERT INTO play_for(name,DOB,franchise,start,end) VALUES ('Sam Darnold','1997-06-05','Panthers',2021,2021);
INSERT INTO play_for(name,DOB,franchise,start,end) VALUES ('Daniel Jones','1997-05-27','Giants',2019,2021);
INSERT INTO play_for(name,DOB,franchise,start,end) VALUES ('Zach Wilson','1999-08-03','Jets',2021,2021);
INSERT INTO play_for(name,DOB,franchise,start,end) VALUES ('Justin Fields','1999-03-05','Bears',2021,2021);
INSERT INTO play_for(name,DOB,franchise,start,end) VALUES ('Andy Dalton','1987-10-29','Bengals',2011,2019);
INSERT INTO play_for(name,DOB,franchise,start,end) VALUES ('Andy Dalton','1987-10-29','Cowboys',2020,2020);
INSERT INTO play_for(name,DOB,franchise,start,end) VALUES ('Andy Dalton','1987-10-29','Bears',2021,2021);
INSERT INTO play_for(name,DOB,franchise,start,end) VALUES ('Jacoby Brissett','1992-12-11','Patriots',2016,2016);
INSERT INTO play_for(name,DOB,franchise,start,end) VALUES ('Jacoby Brissett','1992-12-11','Colts',2017,2020);
INSERT INTO play_for(name,DOB,franchise,start,end) VALUES ('Jacoby Brissett','1992-12-11','Dolphins',2021,2021);
INSERT INTO play_for(name,DOB,franchise,start,end) VALUES ('Jameis Winston','1994-01-06','Buccaneers',2015,2019);
INSERT INTO play_for(name,DOB,franchise,start,end) VALUES ('Jameis Winston','1994-01-06','Saints',2020,2021);
INSERT INTO play_for(name,DOB,franchise,start,end) VALUES ('Trevor Siemian','1991-12-26','Broncos',2015,2017);
INSERT INTO play_for(name,DOB,franchise,start,end) VALUES ('Trevor Siemian','1991-12-26','Jets',2019,2019);
INSERT INTO play_for(name,DOB,franchise,start,end) VALUES ('Trevor Siemian','1991-12-26','Saints',2021,2021);
INSERT INTO play_for(name,DOB,franchise,start,end) VALUES ('Tyler Huntley','1998-02-03','Ravens',2020,2021);
INSERT INTO play_for(name,DOB,franchise,start,end) VALUES ('Taysom Hill','1990-08-23','Saints',2017,2021);
INSERT INTO play_for(name,DOB,franchise,start,end) VALUES ('Tyrod Taylor','1989-08-03','Ravens',2011,2014);
INSERT INTO play_for(name,DOB,franchise,start,end) VALUES ('Tyrod Taylor','1989-08-03','Bills',2015,2017);
INSERT INTO play_for(name,DOB,franchise,start,end) VALUES ('Tyrod Taylor','1989-08-03','Browns',2018,2018);
INSERT INTO play_for(name,DOB,franchise,start,end) VALUES ('Tyrod Taylor','1989-08-03','Chargers',2019,2020);
INSERT INTO play_for(name,DOB,franchise,start,end) VALUES ('Tyrod Taylor','1989-08-03','Texans',2021,2021);
INSERT INTO play_for(name,DOB,franchise,start,end) VALUES ('Mike White','1995-03-25','Jets',2021,2021);
INSERT INTO play_for(name,DOB,franchise,start,end) VALUES ('Mike Glennon','1989-12-12','Buccaneers',2013,2016);
INSERT INTO play_for(name,DOB,franchise,start,end) VALUES ('Mike Glennon','1989-12-12','Bears',2017,2017);
INSERT INTO play_for(name,DOB,franchise,start,end) VALUES ('Mike Glennon','1989-12-12','Cardinals',2018,2018);
INSERT INTO play_for(name,DOB,franchise,start,end) VALUES ('Mike Glennon','1989-12-12','Raiders',2019,2019);
INSERT INTO play_for(name,DOB,franchise,start,end) VALUES ('Mike Glennon','1989-12-12','Jaguars',2020,2020);
INSERT INTO play_for(name,DOB,franchise,start,end) VALUES ('Mike Glennon','1989-12-12','Giants',2021,2021);
INSERT INTO play_for(name,DOB,franchise,start,end) VALUES ('Drew Lock','1996-11-10','Broncos',2019,2021);
INSERT INTO play_for(name,DOB,franchise,start,end) VALUES ('Colt McCoy','1986-09-05','Browns',2010,2012);
INSERT INTO play_for(name,DOB,franchise,start,end) VALUES ('Colt McCoy','1986-09-05','49ers',2013,2013);
INSERT INTO play_for(name,DOB,franchise,start,end) VALUES ('Colt McCoy','1986-09-05','Commanders',2014,2019);
INSERT INTO play_for(name,DOB,franchise,start,end) VALUES ('Colt McCoy','1986-09-05','Giants',2020,2020);
INSERT INTO play_for(name,DOB,franchise,start,end) VALUES ('Colt McCoy','1986-09-05','Cardinals',2021,2021);
INSERT INTO play_for(name,DOB,franchise,start,end) VALUES ('Geno Smith','1990-10-10','Jets',2013,2016);
INSERT INTO play_for(name,DOB,franchise,start,end) VALUES ('Geno Smith','1990-10-10','Giants',2017,2017);
INSERT INTO play_for(name,DOB,franchise,start,end) VALUES ('Geno Smith','1990-10-10','Chargers',2018,2018);
INSERT INTO play_for(name,DOB,franchise,start,end) VALUES ('Geno Smith','1990-10-10','Seahawks',2020,2021);
INSERT INTO play_for(name,DOB,franchise,start,end) VALUES ('Cam Newton','1989-05-11','Panthers',2011,2019);
INSERT INTO play_for(name,DOB,franchise,start,end) VALUES ('Cam Newton','1989-05-11','Patriots',2020,2020);
INSERT INTO play_for(name,DOB,franchise,start,end) VALUES ('Josh Johnson','1986-05-15','Buccaneers',2009,2011);
INSERT INTO play_for(name,DOB,franchise,start,end) VALUES ('Josh Johnson','1986-05-15','Browns',2012,2012);
INSERT INTO play_for(name,DOB,franchise,start,end) VALUES ('Josh Johnson','1986-05-15','Bengals',2013,2013);
INSERT INTO play_for(name,DOB,franchise,start,end) VALUES ('Josh Johnson','1986-05-15','Commanders',2018,2018);
INSERT INTO play_for(name,DOB,franchise,start,end) VALUES ('Josh Johnson','1986-05-15','Ravens',2021,2021);
INSERT INTO play_for(name,DOB,franchise,start,end) VALUES ('Josh Johnson','1986-05-15','Jets',2021,2021);
INSERT INTO play_for(name,DOB,franchise,start,end) VALUES ('Trey Lance','2000-05-09','49ers',2021,2021);
INSERT INTO play_for(name,DOB,franchise,start,end) VALUES ('Tim Boyle','1994-10-03','Packers',2019,2020);
INSERT INTO play_for(name,DOB,franchise,start,end) VALUES ('Tim Boyle','1994-10-03','Lions',2021,2021);
INSERT INTO play_for(name,DOB,franchise,start,end) VALUES ('Case Keenum','1988-02-17','Texans',2013,2014);
INSERT INTO play_for(name,DOB,franchise,start,end) VALUES ('Case Keenum','1988-02-17','Rams',2015,2016);
INSERT INTO play_for(name,DOB,franchise,start,end) VALUES ('Case Keenum','1988-02-17','Vikings',2017,2017);
INSERT INTO play_for(name,DOB,franchise,start,end) VALUES ('Case Keenum','1988-02-17','Broncos',2018,2018);
INSERT INTO play_for(name,DOB,franchise,start,end) VALUES ('Case Keenum','1988-02-17','Commanders',2019,2019);
INSERT INTO play_for(name,DOB,franchise,start,end) VALUES ('Case Keenum','1988-02-17','Browns',2020,2021);
INSERT INTO play_for(name,DOB,franchise,start,end) VALUES ('Gardner Minshew II','1996-05-16','Jaguars',2019,2020);
INSERT INTO play_for(name,DOB,franchise,start,end) VALUES ('Gardner Minshew II','1996-05-16','Eagles',2021,2021);
INSERT INTO play_for(name,DOB,franchise,start,end) VALUES ('Cooper Rush','1993-11-21','Cowboys',2017,2021);
INSERT INTO play_for(name,DOB,franchise,start,end) VALUES ('Jordan Love','1998-11-02','Packers',2021,2021);
INSERT INTO play_for(name,DOB,franchise,start,end) VALUES ('P.J. Walker','1995-02-26','Panthers',2020,2021);
INSERT INTO play_for(name,DOB,franchise,start,end) VALUES ('Joe Flacco','1985-01-16','Ravens',2008,2018);
INSERT INTO play_for(name,DOB,franchise,start,end) VALUES ('Joe Flacco','1985-01-16','Broncos',2019,2019);
INSERT INTO play_for(name,DOB,franchise,start,end) VALUES ('Joe Flacco','1985-01-16','Jets',2020,2021);
INSERT INTO play_for(name,DOB,franchise,start,end) VALUES ('Mason Rudolph','1995-07-17','Steelers',2019,2021);
INSERT INTO play_for(name,DOB,franchise,start,end) VALUES ('Nick Foles','1989-01-20','Rams',2015,2015);
INSERT INTO play_for(name,DOB,franchise,start,end) VALUES ('Nick Foles','1989-01-20','Chiefs',2016,2016);
INSERT INTO play_for(name,DOB,franchise,start,end) VALUES ('Nick Foles','1989-01-20','Eagles',2017,2018);
INSERT INTO play_for(name,DOB,franchise,start,end) VALUES ('Nick Foles','1989-01-20','Jaguars',2019,2019);
INSERT INTO play_for(name,DOB,franchise,start,end) VALUES ('Nick Foles','1989-01-20','Bears',2020,2021);
INSERT INTO play_for(name,DOB,franchise,start,end) VALUES ('Brian Hoyer','1985-10-13','Cardinals',2012,2012);
INSERT INTO play_for(name,DOB,franchise,start,end) VALUES ('Brian Hoyer','1985-10-13','Browns',2013,2014);
INSERT INTO play_for(name,DOB,franchise,start,end) VALUES ('Brian Hoyer','1985-10-13','Texans',2015,2015);
INSERT INTO play_for(name,DOB,franchise,start,end) VALUES ('Brian Hoyer','1985-10-13','Bears',2016,2016);
INSERT INTO play_for(name,DOB,franchise,start,end) VALUES ('Brian Hoyer','1985-10-13','Colts',2019,2019);
INSERT INTO play_for(name,DOB,franchise,start,end) VALUES ('Brian Hoyer','1985-10-13','Patriots',2020,2021);
INSERT INTO play_for(name,DOB,franchise,start,end) VALUES ('Jake Fromm','1998-07-30','Giants',2021,2021);
INSERT INTO play_for(name,DOB,franchise,start,end) VALUES ('Garrett Gilbert','1991-07-01','Panthers',2018,2018);
INSERT INTO play_for(name,DOB,franchise,start,end) VALUES ('Garrett Gilbert','1991-07-01','Browns',2019,2019);
INSERT INTO play_for(name,DOB,franchise,start,end) VALUES ('Garrett Gilbert','1991-07-01','Cowboys',2020,2020);
INSERT INTO play_for(name,DOB,franchise,start,end) VALUES ('Garrett Gilbert','1991-07-01','Commanders',2021,2021);
INSERT INTO play_for(name,DOB,franchise,start,end) VALUES ('Sean Mannion','1992-04-25','Rams',2015,2018);
INSERT INTO play_for(name,DOB,franchise,start,end) VALUES ('Sean Mannion','1992-04-25','Vikings',2019,2021);
INSERT INTO play_for(name,DOB,franchise,start,end) VALUES ('Brandon Allen','1992-09-05','Broncos',2019,2019);
INSERT INTO play_for(name,DOB,franchise,start,end) VALUES ('Brandon Allen','1992-09-05','Bengals',2020,2021);
INSERT INTO play_for(name,DOB,franchise,start,end) VALUES ('Nick Mullens','1995-03-21','49ers',2018,2020);
INSERT INTO play_for(name,DOB,franchise,start,end) VALUES ('Nick Mullens','1995-03-21','Browns',2021,2021);
INSERT INTO play_for(name,DOB,franchise,start,end) VALUES ('Ian Book','1998-03-30','Saints',2021,2021);
