INSERT INTO player(name,DOB,position,kit_number) VALUES ('Davante Adams','1992-12-24','WR',17);
INSERT INTO player(name,DOB,position,kit_number) VALUES ('Tyreek Hill','1994-03-01','WR',10);
INSERT INTO player(name,DOB,position,kit_number) VALUES ('Justin Jefferson','1999-06-16','WR',18);
INSERT INTO player(name,DOB,position,kit_number) VALUES ('Mark Andrews','1995-09-06','TE',89);
INSERT INTO player(name,DOB,position,kit_number) VALUES ('Diontae Johnson','1996-07-05','WR',18);
INSERT INTO player(name,DOB,position,kit_number) VALUES ('Keenan Allen','1992-04-27','WR',13);
INSERT INTO player(name,DOB,position,kit_number) VALUES ('Jaylen Waddle','1998-11-25','WR',17);
INSERT INTO player(name,DOB,position,kit_number) VALUES ('Stefon Diggs','1993-11-29','WR',14);
INSERT INTO player(name,DOB,position,kit_number) VALUES ('Hunter Renfrow','1995-12-21','WR',13);
INSERT INTO player(name,DOB,position,kit_number) VALUES ('Chris Godwin','1996-02-27','WR',14);
INSERT INTO player(name,DOB,position,kit_number) VALUES ('D.J. Moore','1997-04-14','WR',2);
INSERT INTO player(name,DOB,position,kit_number) VALUES ('Travis Kelce','1989-10-05','TE',87);
INSERT INTO player(name,DOB,position,kit_number) VALUES ('Marquise Brown','1997-06-04','WR',5);
INSERT INTO player(name,DOB,position,kit_number) VALUES ('Brandin Cooks','1993-09-25','WR',13);
INSERT INTO player(name,DOB,position,kit_number) VALUES ('Amon-Ra St. Brown','1999-10-24','WR',14);
INSERT INTO player(name,DOB,position,kit_number) VALUES ('Michael Pittman Jr.','1997-10-05','WR',11);
INSERT INTO player(name,DOB,position,kit_number) VALUES ('Jakobi Meyers','1996-11-09','WR',16);
INSERT INTO player(name,DOB,position,kit_number) VALUES ('Cole Beasley','1989-04-26','WR',11);
INSERT INTO player(name,DOB,position,kit_number) VALUES ('Ja''Marr Chase','2000-03-01','WR',1);
INSERT INTO player(name,DOB,position,kit_number) VALUES ('Darnell Mooney','1997-10-29','WR',11);
INSERT INTO player(name,DOB,position,kit_number) VALUES ('CeeDee Lamb','1999-04-08','WR',88);
INSERT INTO player(name,DOB,position,kit_number) VALUES ('Dalton Schultz','1996-07-11','TE',86);
INSERT INTO player(name,DOB,position,kit_number) VALUES ('Christian Kirk','1996-11-18','WR',13);
INSERT INTO player(name,DOB,position,kit_number) VALUES ('Terry McLaurin','1995-09-15','WR',17);
INSERT INTO player(name,DOB,position,kit_number) VALUES ('Deebo Samuel','1996-01-15','WR',19);
INSERT INTO player(name,DOB,position,kit_number) VALUES ('Mike Williams','1994-10-04','WR',81);
INSERT INTO player(name,DOB,position,kit_number) VALUES ('D.K. Metcalf','1997-12-14','WR',14);
INSERT INTO player(name,DOB,position,kit_number) VALUES ('Zach Ertz','1990-11-10','TE',86);
INSERT INTO player(name,DOB,position,kit_number) VALUES ('Mike Evans','1993-08-21','WR',13);
INSERT INTO player(name,DOB,position,kit_number) VALUES ('Tee Higgins','1999-01-18','WR',85);
INSERT INTO player(name,DOB,position,kit_number) VALUES ('Mike Gesicki','1995-10-03','TE',88);
INSERT INTO player(name,DOB,position,kit_number) VALUES ('Marvin Jones','1990-03-12','WR',11);
INSERT INTO player(name,DOB,position,kit_number) VALUES ('Tyler Lockett','1992-09-28','WR',16);
INSERT INTO player(name,DOB,position,kit_number) VALUES ('George Kittle','1993-10-09','TE',85);
INSERT INTO player(name,DOB,position,kit_number) VALUES ('Amari Cooper','1994-06-17','WR',19);
INSERT INTO player(name,DOB,position,kit_number) VALUES ('Noah Fant','1997-11-20','TE',87);
INSERT INTO player(name,DOB,position,kit_number) VALUES ('Kyle Pitts','2000-10-06','TE',8);
INSERT INTO player(name,DOB,position,kit_number) VALUES ('Tyler Boyd','1994-11-15','WR',83);
INSERT INTO player(name,DOB,position,kit_number) VALUES ('Adam Thielen','1990-08-22','WR',19);
INSERT INTO player(name,DOB,position,kit_number) VALUES ('Russell Gage','1996-01-22','WR',14);
INSERT INTO player(name,DOB,position,kit_number) VALUES ('DeVonta Smith','1998-11-14','WR',6);
INSERT INTO player(name,DOB,position,kit_number) VALUES ('A.J. Brown','1997-06-30','WR',11);
INSERT INTO player(name,DOB,position,kit_number) VALUES ('Laviska Shenault Jr.','1998-10-05','WR',10);
INSERT INTO player(name,DOB,position,kit_number) VALUES ('Tyler Conklin','1995-07-30','TE',83);
INSERT INTO player(name,DOB,position,kit_number) VALUES ('Tyler Higbee','1993-01-01','TE',89);
INSERT INTO player(name,DOB,position,kit_number) VALUES ('T.J. Hockenson','1997-07-03','TE',88);
INSERT INTO player(name,DOB,position,kit_number) VALUES ('Pat Freiermuth','1998-10-25','TE',88);
INSERT INTO player(name,DOB,position,kit_number) VALUES ('Cole Kmet','1999-03-10','TE',85);
INSERT INTO player(name,DOB,position,kit_number) VALUES ('Chase Claypool','1998-07-07','WR',11);
INSERT INTO player(name,DOB,position,kit_number) VALUES ('Mecole Hardman','1998-03-12','WR',17);
INSERT INTO player(name,DOB,position,kit_number) VALUES ('Courtland Sutton','1995-10-10','WR',14);
INSERT INTO player(name,DOB,position,kit_number) VALUES ('Brandon Aiyuk','1998-03-17','WR',11);
INSERT INTO player(name,DOB,position,kit_number) VALUES ('Dallas Goedert','1995-01-03','TE',88);
INSERT INTO player(name,DOB,position,kit_number) VALUES ('Kendrick Bourne','1995-08-04','WR',84);
INSERT INTO player(name,DOB,position,kit_number) VALUES ('Rob Gronkowski','1989-05-14','TE',87);
INSERT INTO player(name,DOB,position,kit_number) VALUES ('Darren Waller','1992-09-13','TE',83);
INSERT INTO player(name,DOB,position,kit_number) VALUES ('A.J. Green','1988-07-31','WR',18);
INSERT INTO player(name,DOB,position,kit_number) VALUES ('Rondale Moore','2000-06-09','WR',4);
INSERT INTO player(name,DOB,position,kit_number) VALUES ('Robby Anderson','1993-05-09','WR',11);
INSERT INTO player(name,DOB,position,kit_number) VALUES ('Tim Patrick','1993-11-23','WR',81);
INSERT INTO player(name,DOB,position,kit_number) VALUES ('Jarvis Landry','1992-11-28','WR',80);
INSERT INTO player(name,DOB,position,kit_number) VALUES ('Jamison Crowder','1993-06-17','WR',82);
INSERT INTO player(name,DOB,position,kit_number) VALUES ('Hunter Henry','1994-12-07','TE',85);
INSERT INTO player(name,DOB,position,kit_number) VALUES ('Van Jefferson','1996-07-26','WR',12);
INSERT INTO player(name,DOB,position,kit_number) VALUES ('K.J. Osborn','1997-06-10','WR',17);
INSERT INTO player(name,DOB,position,kit_number) VALUES ('Dawson Knox','1996-11-14','TE',88);
INSERT INTO player(name,DOB,position,kit_number) VALUES ('C.J. Uzomah','1993-01-14','TE',87);
INSERT INTO player(name,DOB,position,kit_number) VALUES ('Jared Cook','1987-04-07','TE',87);
INSERT INTO player(name,DOB,position,kit_number) VALUES ('Gerald Everett','1994-06-25','TE',81);
INSERT INTO player(name,DOB,position,kit_number) VALUES ('Kalif Raymond','1994-08-08','WR',11);
INSERT INTO player(name,DOB,position,kit_number) VALUES ('Zay Jones','1995-03-30','WR',7);
INSERT INTO player(name,DOB,position,kit_number) VALUES ('Rashod Bateman','1999-11-29','WR',12);
INSERT INTO player(name,DOB,position,kit_number) VALUES ('Braxton Berrios','1995-10-06','WR',10);
INSERT INTO player(name,DOB,position,kit_number) VALUES ('Marquez Callaway','1998-03-27','WR',1);
INSERT INTO player(name,DOB,position,kit_number) VALUES ('Evan Engram','1994-09-02','TE',88);
INSERT INTO player(name,DOB,position,kit_number) VALUES ('Cedrick Wilson Jr.','1995-11-20','WR',1);
INSERT INTO player(name,DOB,position,kit_number) VALUES ('Robert Woods','1992-04-10','WR',2);
INSERT INTO player(name,DOB,position,kit_number) VALUES ('Odell Beckham Jr.','1992-11-05','WR',3);
INSERT INTO player(name,DOB,position,kit_number) VALUES ('Elijah Moore','2000-03-27','WR',8);
INSERT INTO player(name,DOB,position,kit_number) VALUES ('Quez Watkins','1998-06-09','WR',16);
INSERT INTO player(name,DOB,position,kit_number) VALUES ('Antonio Brown','1988-07-10','WR',81);
INSERT INTO player(name,DOB,position,kit_number) VALUES ('DeAndre Hopkins','1992-06-06','WR',10);
INSERT INTO player(name,DOB,position,kit_number) VALUES ('Byron Pringle','1993-11-17','WR',13);
INSERT INTO player(name,DOB,position,kit_number) VALUES ('Emmanuel Sanders','1987-03-17','WR',1);
INSERT INTO player(name,DOB,position,kit_number) VALUES ('Adam Humphries','1993-06-24','WR',13);
INSERT INTO player(name,DOB,position,kit_number) VALUES ('Allen Lazard','1995-12-11','WR',13);
INSERT INTO player(name,DOB,position,kit_number) VALUES ('DeVante Parker','1993-01-20','WR',11);
INSERT INTO player(name,DOB,position,kit_number) VALUES ('Ray-Ray McCloud','1996-10-15','WR',14);
INSERT INTO player(name,DOB,position,kit_number) VALUES ('Kadarius Toney','1999-01-27','WR',89);
INSERT INTO player_stats(name,season,running_yards,throwing_yards,sacks,catches,touchdowns,punt_returns,field_goals) VALUES ('Davante Adams',2021,1553,0,0,123,11,0,0);
INSERT INTO player_stats(name,season,running_yards,throwing_yards,sacks,catches,touchdowns,punt_returns,field_goals) VALUES ('Tyreek Hill',2021,1239,0,0,111,9,0,0);
INSERT INTO player_stats(name,season,running_yards,throwing_yards,sacks,catches,touchdowns,punt_returns,field_goals) VALUES ('Justin Jefferson',2021,1616,0,0,108,10,0,0);
INSERT INTO player_stats(name,season,running_yards,throwing_yards,sacks,catches,touchdowns,punt_returns,field_goals) VALUES ('Mark Andrews',2021,1361,0,0,107,9,0,0);
INSERT INTO player_stats(name,season,running_yards,throwing_yards,sacks,catches,touchdowns,punt_returns,field_goals) VALUES ('Diontae Johnson',2021,1161,0,0,107,8,0,0);
INSERT INTO player_stats(name,season,running_yards,throwing_yards,sacks,catches,touchdowns,punt_returns,field_goals) VALUES ('Keenan Allen',2021,1138,0,0,106,6,0,0);
INSERT INTO player_stats(name,season,running_yards,throwing_yards,sacks,catches,touchdowns,punt_returns,field_goals) VALUES ('Jaylen Waddle',2021,1015,0,0,104,6,0,0);
INSERT INTO player_stats(name,season,running_yards,throwing_yards,sacks,catches,touchdowns,punt_returns,field_goals) VALUES ('Stefon Diggs',2021,1225,0,0,103,10,0,0);
INSERT INTO player_stats(name,season,running_yards,throwing_yards,sacks,catches,touchdowns,punt_returns,field_goals) VALUES ('Hunter Renfrow',2021,1038,0,0,103,9,0,0);
INSERT INTO player_stats(name,season,running_yards,throwing_yards,sacks,catches,touchdowns,punt_returns,field_goals) VALUES ('Chris Godwin',2021,1103,0,0,98,5,0,0);
INSERT INTO player_stats(name,season,running_yards,throwing_yards,sacks,catches,touchdowns,punt_returns,field_goals) VALUES ('D.J. Moore',2021,1157,0,0,93,4,0,0);
INSERT INTO player_stats(name,season,running_yards,throwing_yards,sacks,catches,touchdowns,punt_returns,field_goals) VALUES ('Travis Kelce',2021,1125,0,0,92,9,0,0);
INSERT INTO player_stats(name,season,running_yards,throwing_yards,sacks,catches,touchdowns,punt_returns,field_goals) VALUES ('Marquise Brown',2021,1008,0,0,91,6,0,0);
INSERT INTO player_stats(name,season,running_yards,throwing_yards,sacks,catches,touchdowns,punt_returns,field_goals) VALUES ('Brandin Cooks',2021,1037,0,0,90,6,0,0);
INSERT INTO player_stats(name,season,running_yards,throwing_yards,sacks,catches,touchdowns,punt_returns,field_goals) VALUES ('Amon-Ra St. Brown',2021,912,0,0,90,5,0,0);
INSERT INTO player_stats(name,season,running_yards,throwing_yards,sacks,catches,touchdowns,punt_returns,field_goals) VALUES ('Michael Pittman Jr.',2021,1082,0,0,88,6,0,0);
INSERT INTO player_stats(name,season,running_yards,throwing_yards,sacks,catches,touchdowns,punt_returns,field_goals) VALUES ('Jakobi Meyers',2021,866,0,0,83,2,0,0);
INSERT INTO player_stats(name,season,running_yards,throwing_yards,sacks,catches,touchdowns,punt_returns,field_goals) VALUES ('Cole Beasley',2021,693,0,0,82,1,0,0);
INSERT INTO player_stats(name,season,running_yards,throwing_yards,sacks,catches,touchdowns,punt_returns,field_goals) VALUES ('Ja''Marr Chase',2021,1455,0,0,81,13,0,0);
INSERT INTO player_stats(name,season,running_yards,throwing_yards,sacks,catches,touchdowns,punt_returns,field_goals) VALUES ('Darnell Mooney',2021,1055,0,0,81,4,0,0);
INSERT INTO player_stats(name,season,running_yards,throwing_yards,sacks,catches,touchdowns,punt_returns,field_goals) VALUES ('CeeDee Lamb',2021,1102,0,0,79,6,0,0);
INSERT INTO player_stats(name,season,running_yards,throwing_yards,sacks,catches,touchdowns,punt_returns,field_goals) VALUES ('Dalton Schultz',2021,808,0,0,78,8,0,0);
INSERT INTO player_stats(name,season,running_yards,throwing_yards,sacks,catches,touchdowns,punt_returns,field_goals) VALUES ('Christian Kirk',2021,982,0,0,77,5,0,0);
INSERT INTO player_stats(name,season,running_yards,throwing_yards,sacks,catches,touchdowns,punt_returns,field_goals) VALUES ('Terry McLaurin',2021,1053,0,0,77,5,0,0);
INSERT INTO player_stats(name,season,running_yards,throwing_yards,sacks,catches,touchdowns,punt_returns,field_goals) VALUES ('Deebo Samuel',2021,1405,0,0,77,6,0,0);
INSERT INTO player_stats(name,season,running_yards,throwing_yards,sacks,catches,touchdowns,punt_returns,field_goals) VALUES ('Mike Williams',2021,1146,0,0,76,9,0,0);
INSERT INTO player_stats(name,season,running_yards,throwing_yards,sacks,catches,touchdowns,punt_returns,field_goals) VALUES ('D.K. Metcalf',2021,967,0,0,75,12,0,0);
INSERT INTO player_stats(name,season,running_yards,throwing_yards,sacks,catches,touchdowns,punt_returns,field_goals) VALUES ('Zach Ertz',2021,763,0,0,74,5,0,0);
INSERT INTO player_stats(name,season,running_yards,throwing_yards,sacks,catches,touchdowns,punt_returns,field_goals) VALUES ('Mike Evans',2021,1035,0,0,74,14,0,0);
INSERT INTO player_stats(name,season,running_yards,throwing_yards,sacks,catches,touchdowns,punt_returns,field_goals) VALUES ('Tee Higgins',2021,1091,0,0,74,6,0,0);
INSERT INTO player_stats(name,season,running_yards,throwing_yards,sacks,catches,touchdowns,punt_returns,field_goals) VALUES ('Mike Gesicki',2021,780,0,0,73,2,0,0);
INSERT INTO player_stats(name,season,running_yards,throwing_yards,sacks,catches,touchdowns,punt_returns,field_goals) VALUES ('Marvin Jones',2021,832,0,0,73,4,0,0);
INSERT INTO player_stats(name,season,running_yards,throwing_yards,sacks,catches,touchdowns,punt_returns,field_goals) VALUES ('Tyler Lockett',2021,1175,0,0,73,8,0,0);
INSERT INTO player_stats(name,season,running_yards,throwing_yards,sacks,catches,touchdowns,punt_returns,field_goals) VALUES ('George Kittle',2021,910,0,0,71,6,0,0);
INSERT INTO player_stats(name,season,running_yards,throwing_yards,sacks,catches,touchdowns,punt_returns,field_goals) VALUES ('Amari Cooper',2021,865,0,0,68,8,0,0);
INSERT INTO player_stats(name,season,running_yards,throwing_yards,sacks,catches,touchdowns,punt_returns,field_goals) VALUES ('Noah Fant',2021,670,0,0,68,4,0,0);
INSERT INTO player_stats(name,season,running_yards,throwing_yards,sacks,catches,touchdowns,punt_returns,field_goals) VALUES ('Kyle Pitts',2021,1026,0,0,68,1,0,0);
INSERT INTO player_stats(name,season,running_yards,throwing_yards,sacks,catches,touchdowns,punt_returns,field_goals) VALUES ('Tyler Boyd',2021,828,0,0,67,5,0,0);
INSERT INTO player_stats(name,season,running_yards,throwing_yards,sacks,catches,touchdowns,punt_returns,field_goals) VALUES ('Adam Thielen',2021,726,0,0,67,10,0,0);
INSERT INTO player_stats(name,season,running_yards,throwing_yards,sacks,catches,touchdowns,punt_returns,field_goals) VALUES ('Russell Gage',2021,770,0,0,66,4,0,0);
INSERT INTO player_stats(name,season,running_yards,throwing_yards,sacks,catches,touchdowns,punt_returns,field_goals) VALUES ('DeVonta Smith',2021,916,0,0,64,5,0,0);
INSERT INTO player_stats(name,season,running_yards,throwing_yards,sacks,catches,touchdowns,punt_returns,field_goals) VALUES ('A.J. Brown',2021,869,0,0,63,5,0,0);
INSERT INTO player_stats(name,season,running_yards,throwing_yards,sacks,catches,touchdowns,punt_returns,field_goals) VALUES ('Laviska Shenault Jr.',2021,619,0,0,63,0,0,0);
INSERT INTO player_stats(name,season,running_yards,throwing_yards,sacks,catches,touchdowns,punt_returns,field_goals) VALUES ('Tyler Conklin',2021,593,0,0,61,3,0,0);
INSERT INTO player_stats(name,season,running_yards,throwing_yards,sacks,catches,touchdowns,punt_returns,field_goals) VALUES ('Tyler Higbee',2021,560,0,0,61,5,0,0);
INSERT INTO player_stats(name,season,running_yards,throwing_yards,sacks,catches,touchdowns,punt_returns,field_goals) VALUES ('T.J. Hockenson',2021,583,0,0,61,4,0,0);
INSERT INTO player_stats(name,season,running_yards,throwing_yards,sacks,catches,touchdowns,punt_returns,field_goals) VALUES ('Pat Freiermuth',2021,497,0,0,60,7,0,0);
INSERT INTO player_stats(name,season,running_yards,throwing_yards,sacks,catches,touchdowns,punt_returns,field_goals) VALUES ('Cole Kmet',2021,612,0,0,60,0,0,0);
INSERT INTO player_stats(name,season,running_yards,throwing_yards,sacks,catches,touchdowns,punt_returns,field_goals) VALUES ('Chase Claypool',2021,860,0,0,59,2,0,0);
INSERT INTO player_stats(name,season,running_yards,throwing_yards,sacks,catches,touchdowns,punt_returns,field_goals) VALUES ('Mecole Hardman',2021,693,0,0,59,2,0,0);
INSERT INTO player_stats(name,season,running_yards,throwing_yards,sacks,catches,touchdowns,punt_returns,field_goals) VALUES ('Courtland Sutton',2021,776,0,0,58,2,0,0);
INSERT INTO player_stats(name,season,running_yards,throwing_yards,sacks,catches,touchdowns,punt_returns,field_goals) VALUES ('Brandon Aiyuk',2021,826,0,0,56,5,0,0);
INSERT INTO player_stats(name,season,running_yards,throwing_yards,sacks,catches,touchdowns,punt_returns,field_goals) VALUES ('Dallas Goedert',2021,830,0,0,56,4,0,0);
INSERT INTO player_stats(name,season,running_yards,throwing_yards,sacks,catches,touchdowns,punt_returns,field_goals) VALUES ('Kendrick Bourne',2021,800,0,0,55,5,0,0);
INSERT INTO player_stats(name,season,running_yards,throwing_yards,sacks,catches,touchdowns,punt_returns,field_goals) VALUES ('Rob Gronkowski',2021,802,0,0,55,6,0,0);
INSERT INTO player_stats(name,season,running_yards,throwing_yards,sacks,catches,touchdowns,punt_returns,field_goals) VALUES ('Darren Waller',2021,665,0,0,55,2,0,0);
INSERT INTO player_stats(name,season,running_yards,throwing_yards,sacks,catches,touchdowns,punt_returns,field_goals) VALUES ('A.J. Green',2021,848,0,0,54,3,0,0);
INSERT INTO player_stats(name,season,running_yards,throwing_yards,sacks,catches,touchdowns,punt_returns,field_goals) VALUES ('Rondale Moore',2021,435,0,0,54,1,0,0);
INSERT INTO player_stats(name,season,running_yards,throwing_yards,sacks,catches,touchdowns,punt_returns,field_goals) VALUES ('Robby Anderson',2021,519,0,0,53,5,0,0);
INSERT INTO player_stats(name,season,running_yards,throwing_yards,sacks,catches,touchdowns,punt_returns,field_goals) VALUES ('Tim Patrick',2021,734,0,0,53,5,0,0);
INSERT INTO player_stats(name,season,running_yards,throwing_yards,sacks,catches,touchdowns,punt_returns,field_goals) VALUES ('Jarvis Landry',2021,570,0,0,52,2,0,0);
INSERT INTO player_stats(name,season,running_yards,throwing_yards,sacks,catches,touchdowns,punt_returns,field_goals) VALUES ('Jamison Crowder',2021,447,0,0,51,2,0,0);
INSERT INTO player_stats(name,season,running_yards,throwing_yards,sacks,catches,touchdowns,punt_returns,field_goals) VALUES ('Hunter Henry',2021,603,0,0,50,9,0,0);
INSERT INTO player_stats(name,season,running_yards,throwing_yards,sacks,catches,touchdowns,punt_returns,field_goals) VALUES ('Van Jefferson',2021,802,0,0,50,6,0,0);
INSERT INTO player_stats(name,season,running_yards,throwing_yards,sacks,catches,touchdowns,punt_returns,field_goals) VALUES ('K.J. Osborn',2021,655,0,0,50,7,0,0);
INSERT INTO player_stats(name,season,running_yards,throwing_yards,sacks,catches,touchdowns,punt_returns,field_goals) VALUES ('Dawson Knox',2021,587,0,0,49,9,0,0);
INSERT INTO player_stats(name,season,running_yards,throwing_yards,sacks,catches,touchdowns,punt_returns,field_goals) VALUES ('C.J. Uzomah',2021,493,0,0,49,5,0,0);
INSERT INTO player_stats(name,season,running_yards,throwing_yards,sacks,catches,touchdowns,punt_returns,field_goals) VALUES ('Jared Cook',2021,564,0,0,48,4,0,0);
INSERT INTO player_stats(name,season,running_yards,throwing_yards,sacks,catches,touchdowns,punt_returns,field_goals) VALUES ('Gerald Everett',2021,478,0,0,48,4,0,0);
INSERT INTO player_stats(name,season,running_yards,throwing_yards,sacks,catches,touchdowns,punt_returns,field_goals) VALUES ('Kalif Raymond',2021,576,0,0,48,4,0,0);
INSERT INTO player_stats(name,season,running_yards,throwing_yards,sacks,catches,touchdowns,punt_returns,field_goals) VALUES ('Zay Jones',2021,546,0,0,47,1,0,0);
INSERT INTO player_stats(name,season,running_yards,throwing_yards,sacks,catches,touchdowns,punt_returns,field_goals) VALUES ('Rashod Bateman',2021,515,0,0,46,1,0,0);
INSERT INTO player_stats(name,season,running_yards,throwing_yards,sacks,catches,touchdowns,punt_returns,field_goals) VALUES ('Braxton Berrios',2021,431,0,0,46,2,0,0);
INSERT INTO player_stats(name,season,running_yards,throwing_yards,sacks,catches,touchdowns,punt_returns,field_goals) VALUES ('Marquez Callaway',2021,698,0,0,46,6,0,0);
INSERT INTO player_stats(name,season,running_yards,throwing_yards,sacks,catches,touchdowns,punt_returns,field_goals) VALUES ('Evan Engram',2021,408,0,0,46,3,0,0);
INSERT INTO player_stats(name,season,running_yards,throwing_yards,sacks,catches,touchdowns,punt_returns,field_goals) VALUES ('Cedrick Wilson Jr.',2021,602,0,0,45,6,0,0);
INSERT INTO player_stats(name,season,running_yards,throwing_yards,sacks,catches,touchdowns,punt_returns,field_goals) VALUES ('Robert Woods',2021,556,0,0,45,4,0,0);
INSERT INTO player_stats(name,season,running_yards,throwing_yards,sacks,catches,touchdowns,punt_returns,field_goals) VALUES ('Odell Beckham Jr.',2021,537,0,0,44,5,0,0);
INSERT INTO player_stats(name,season,running_yards,throwing_yards,sacks,catches,touchdowns,punt_returns,field_goals) VALUES ('Elijah Moore',2021,538,0,0,43,5,0,0);
INSERT INTO player_stats(name,season,running_yards,throwing_yards,sacks,catches,touchdowns,punt_returns,field_goals) VALUES ('Quez Watkins',2021,647,0,0,43,1,0,0);
INSERT INTO player_stats(name,season,running_yards,throwing_yards,sacks,catches,touchdowns,punt_returns,field_goals) VALUES ('Antonio Brown',2021,545,0,0,42,4,0,0);
INSERT INTO player_stats(name,season,running_yards,throwing_yards,sacks,catches,touchdowns,punt_returns,field_goals) VALUES ('DeAndre Hopkins',2021,572,0,0,42,8,0,0);
INSERT INTO player_stats(name,season,running_yards,throwing_yards,sacks,catches,touchdowns,punt_returns,field_goals) VALUES ('Byron Pringle',2021,568,0,0,42,5,0,0);
INSERT INTO player_stats(name,season,running_yards,throwing_yards,sacks,catches,touchdowns,punt_returns,field_goals) VALUES ('Emmanuel Sanders',2021,626,0,0,42,4,0,0);
INSERT INTO player_stats(name,season,running_yards,throwing_yards,sacks,catches,touchdowns,punt_returns,field_goals) VALUES ('Adam Humphries',2021,383,0,0,41,0,0,0);
INSERT INTO player_stats(name,season,running_yards,throwing_yards,sacks,catches,touchdowns,punt_returns,field_goals) VALUES ('Allen Lazard',2021,513,0,0,40,8,0,0);
INSERT INTO player_stats(name,season,running_yards,throwing_yards,sacks,catches,touchdowns,punt_returns,field_goals) VALUES ('DeVante Parker',2021,515,0,0,40,2,0,0);
INSERT INTO player_stats(name,season,running_yards,throwing_yards,sacks,catches,touchdowns,punt_returns,field_goals) VALUES ('Ray-Ray McCloud',2021,277,0,0,39,0,0,0);
INSERT INTO player_stats(name,season,running_yards,throwing_yards,sacks,catches,touchdowns,punt_returns,field_goals) VALUES ('Kadarius Toney',2021,420,0,0,39,0,0,0);
INSERT INTO play_for(name,DOB,franchise,start,end) VALUES ('Davante Adams','1992-12-24','Packers',2014,2021);
INSERT INTO play_for(name,DOB,franchise,start,end) VALUES ('Tyreek Hill','1994-03-01','Chiefs',2016,2021);
INSERT INTO play_for(name,DOB,franchise,start,end) VALUES ('Justin Jefferson','1999-06-16','Vikings',2020,2021);
INSERT INTO play_for(name,DOB,franchise,start,end) VALUES ('Mark Andrews','1995-09-06','Ravens',2018,2021);
INSERT INTO play_for(name,DOB,franchise,start,end) VALUES ('Diontae Johnson','1996-07-05','Steelers',2019,2021);
INSERT INTO play_for(name,DOB,franchise,start,end) VALUES ('Keenan Allen','1992-04-27','Chargers',2013,2021);
INSERT INTO play_for(name,DOB,franchise,start,end) VALUES ('Jaylen Waddle','1998-11-25','Dolphins',2021,2021);
INSERT INTO play_for(name,DOB,franchise,start,end) VALUES ('Stefon Diggs','1993-11-29','Vikings',2015,2019);
INSERT INTO play_for(name,DOB,franchise,start,end) VALUES ('Stefon Diggs','1993-11-29','Bills',2020,2021);
INSERT INTO play_for(name,DOB,franchise,start,end) VALUES ('Hunter Renfrow','1995-12-21','Raiders',2019,2021);
INSERT INTO play_for(name,DOB,franchise,start,end) VALUES ('Chris Godwin','1996-02-27','Buccaneers',2017,2021);
INSERT INTO play_for(name,DOB,franchise,start,end) VALUES ('D.J. Moore','1997-04-14','Panthers',2018,2021);
INSERT INTO play_for(name,DOB,franchise,start,end) VALUES ('Travis Kelce','1989-10-05','Chiefs',2013,2021);
INSERT INTO play_for(name,DOB,franchise,start,end) VALUES ('Marquise Brown','1997-06-04','Ravens',2019,2021);
INSERT INTO play_for(name,DOB,franchise,start,end) VALUES ('Brandin Cooks','1993-09-25','Saints',2014,2016);
INSERT INTO play_for(name,DOB,franchise,start,end) VALUES ('Brandin Cooks','1993-09-25','Patriots',2017,2017);
INSERT INTO play_for(name,DOB,franchise,start,end) VALUES ('Brandin Cooks','1993-09-25','Rams',2018,2019);
INSERT INTO play_for(name,DOB,franchise,start,end) VALUES ('Brandin Cooks','1993-09-25','Texans',2020,2021);
INSERT INTO play_for(name,DOB,franchise,start,end) VALUES ('Amon-Ra St. Brown','1999-10-24','Lions',2021,2021);
INSERT INTO play_for(name,DOB,franchise,start,end) VALUES ('Michael Pittman Jr.','1997-10-05','Colts',2020,2021);
INSERT INTO play_for(name,DOB,franchise,start,end) VALUES ('Jakobi Meyers','1996-11-09','Patriots',2019,2021);
INSERT INTO play_for(name,DOB,franchise,start,end) VALUES ('Cole Beasley','1989-04-26','Cowboys',2012,2018);
INSERT INTO play_for(name,DOB,franchise,start,end) VALUES ('Cole Beasley','1989-04-26','Bills',2019,2021);
INSERT INTO play_for(name,DOB,franchise,start,end) VALUES ('Ja''Marr Chase','2000-03-01','Bengals',2021,2021);
INSERT INTO play_for(name,DOB,franchise,start,end) VALUES ('Darnell Mooney','1997-10-29','Bears',2020,2021);
INSERT INTO play_for(name,DOB,franchise,start,end) VALUES ('CeeDee Lamb','1999-04-08','Cowboys',2020,2021);
INSERT INTO play_for(name,DOB,franchise,start,end) VALUES ('Dalton Schultz','1996-07-11','Cowboys',2018,2021);
INSERT INTO play_for(name,DOB,franchise,start,end) VALUES ('Christian Kirk','1996-11-18','Cardinals',2018,2021);
INSERT INTO play_for(name,DOB,franchise,start,end) VALUES ('Terry McLaurin','1995-09-15','Commanders',2019,2021);
INSERT INTO play_for(name,DOB,franchise,start,end) VALUES ('Deebo Samuel','1996-01-15','49ers',2019,2021);
INSERT INTO play_for(name,DOB,franchise,start,end) VALUES ('Mike Williams','1994-10-04','Chargers',2017,2021);
INSERT INTO play_for(name,DOB,franchise,start,end) VALUES ('D.K. Metcalf','1997-12-14','Seahawks',2019,2021);
INSERT INTO play_for(name,DOB,franchise,start,end) VALUES ('Zach Ertz','1990-11-10','Cardinals',2021,2021);
INSERT INTO play_for(name,DOB,franchise,start,end) VALUES ('Zach Ertz','1990-11-10','Eagles',2021,2021);
INSERT INTO play_for(name,DOB,franchise,start,end) VALUES ('Mike Evans','1993-08-21','Buccaneers',2014,2021);
INSERT INTO play_for(name,DOB,franchise,start,end) VALUES ('Tee Higgins','1999-01-18','Bengals',2020,2021);
INSERT INTO play_for(name,DOB,franchise,start,end) VALUES ('Mike Gesicki','1995-10-03','Dolphins',2018,2021);
INSERT INTO play_for(name,DOB,franchise,start,end) VALUES ('Marvin Jones','1990-03-12','Bengals',2012,2015);
INSERT INTO play_for(name,DOB,franchise,start,end) VALUES ('Marvin Jones','1990-03-12','Lions',2016,2020);
INSERT INTO play_for(name,DOB,franchise,start,end) VALUES ('Marvin Jones','1990-03-12','Jaguars',2021,2021);
INSERT INTO play_for(name,DOB,franchise,start,end) VALUES ('Tyler Lockett','1992-09-28','Seahawks',2015,2021);
INSERT INTO play_for(name,DOB,franchise,start,end) VALUES ('George Kittle','1993-10-09','49ers',2017,2021);
INSERT INTO play_for(name,DOB,franchise,start,end) VALUES ('Amari Cooper','1994-06-17','Raiders',2018,2019);
INSERT INTO play_for(name,DOB,franchise,start,end) VALUES ('Amari Cooper','1994-06-17','Cowboys',2019,2021);
INSERT INTO play_for(name,DOB,franchise,start,end) VALUES ('Noah Fant','1997-11-20','Broncos',2019,2021);
INSERT INTO play_for(name,DOB,franchise,start,end) VALUES ('Kyle Pitts','2000-10-06','Falcons',2021,2021);
INSERT INTO play_for(name,DOB,franchise,start,end) VALUES ('Tyler Boyd','1994-11-15','Bengals',2016,2021);
INSERT INTO play_for(name,DOB,franchise,start,end) VALUES ('Adam Thielen','1990-08-22','Vikings',2014,2021);
INSERT INTO play_for(name,DOB,franchise,start,end) VALUES ('Russell Gage','1996-01-22','Falcons',2018,2021);
INSERT INTO play_for(name,DOB,franchise,start,end) VALUES ('DeVonta Smith','1998-11-14','Eagles',2021,2021);
INSERT INTO play_for(name,DOB,franchise,start,end) VALUES ('A.J. Brown','1997-06-30','Titans',2019,2021);
INSERT INTO play_for(name,DOB,franchise,start,end) VALUES ('Laviska Shenault Jr.','1998-10-05','Jaguars',2020,2021);
INSERT INTO play_for(name,DOB,franchise,start,end) VALUES ('Tyler Conklin','1995-07-30','Vikings',2018,2021);
INSERT INTO play_for(name,DOB,franchise,start,end) VALUES ('Tyler Higbee','1993-01-01','Rams',2016,2021);
INSERT INTO play_for(name,DOB,franchise,start,end) VALUES ('T.J. Hockenson','1997-07-03','Lions',2019,2021);
INSERT INTO play_for(name,DOB,franchise,start,end) VALUES ('Pat Freiermuth','1998-10-25','Steelers',2021,2021);
INSERT INTO play_for(name,DOB,franchise,start,end) VALUES ('Cole Kmet','1999-03-10','Bears',2020,2021);
INSERT INTO play_for(name,DOB,franchise,start,end) VALUES ('Chase Claypool','1998-07-07','Steelers',2020,2021);
INSERT INTO play_for(name,DOB,franchise,start,end) VALUES ('Mecole Hardman','1998-03-12','Chiefs',2019,2021);
INSERT INTO play_for(name,DOB,franchise,start,end) VALUES ('Courtland Sutton','1995-10-10','Broncos',2018,2021);
INSERT INTO play_for(name,DOB,franchise,start,end) VALUES ('Brandon Aiyuk','1998-03-17','49ers',2020,2021);
INSERT INTO play_for(name,DOB,franchise,start,end) VALUES ('Dallas Goedert','1995-01-03','Eagles',2018,2021);
INSERT INTO play_for(name,DOB,franchise,start,end) VALUES ('Kendrick Bourne','1995-08-04','49ers',2017,2020);
INSERT INTO play_for(name,DOB,franchise,start,end) VALUES ('Kendrick Bourne','1995-08-04','Patriots',2021,2021);
INSERT INTO play_for(name,DOB,franchise,start,end) VALUES ('Rob Gronkowski','1989-05-14','Patriots',2010,2018);
INSERT INTO play_for(name,DOB,franchise,start,end) VALUES ('Rob Gronkowski','1989-05-14','Buccaneers',2020,2021);
INSERT INTO play_for(name,DOB,franchise,start,end) VALUES ('Darren Waller','1992-09-13','Ravens',2015,2016);
INSERT INTO play_for(name,DOB,franchise,start,end) VALUES ('Darren Waller','1992-09-13','Raiders',2018,2021);
INSERT INTO play_for(name,DOB,franchise,start,end) VALUES ('A.J. Green','1988-07-31','Bengals',2011,2020);
INSERT INTO play_for(name,DOB,franchise,start,end) VALUES ('A.J. Green','1988-07-31','Cardinals',2021,2021);
INSERT INTO play_for(name,DOB,franchise,start,end) VALUES ('Rondale Moore','2000-06-09','Cardinals',2021,2021);
INSERT INTO play_for(name,DOB,franchise,start,end) VALUES ('Robby Anderson','1993-05-09','Jets',2016,2019);
INSERT INTO play_for(name,DOB,franchise,start,end) VALUES ('Robby Anderson','1993-05-09','Panthers',2020,2021);
INSERT INTO play_for(name,DOB,franchise,start,end) VALUES ('Tim Patrick','1993-11-23','Broncos',2018,2021);
INSERT INTO play_for(name,DOB,franchise,start,end) VALUES ('Jarvis Landry','1992-11-28','Dolphins',2014,2017);
INSERT INTO play_for(name,DOB,franchise,start,end) VALUES ('Jarvis Landry','1992-11-28','Browns',2018,2021);
INSERT INTO play_for(name,DOB,franchise,start,end) VALUES ('Jamison Crowder','1993-06-17','Commanders',2015,2018);
INSERT INTO play_for(name,DOB,franchise,start,end) VALUES ('Jamison Crowder','1993-06-17','Jets',2019,2021);
INSERT INTO play_for(name,DOB,franchise,start,end) VALUES ('Hunter Henry','1994-12-07','Chargers',2016,2020);
INSERT INTO play_for(name,DOB,franchise,start,end) VALUES ('Hunter Henry','1994-12-07','Patriots',2021,2021);
INSERT INTO play_for(name,DOB,franchise,start,end) VALUES ('Van Jefferson','1996-07-26','Rams',2020,2021);
INSERT INTO play_for(name,DOB,franchise,start,end) VALUES ('K.J. Osborn','1997-06-10','Vikings',2020,2021);
INSERT INTO play_for(name,DOB,franchise,start,end) VALUES ('Dawson Knox','1996-11-14','Bills',2019,2021);
INSERT INTO play_for(name,DOB,franchise,start,end) VALUES ('C.J. Uzomah','1993-01-14','Bengals',2015,2021);
INSERT INTO play_for(name,DOB,franchise,start,end) VALUES ('Jared Cook','1987-04-07','Titans',2009,2012);
INSERT INTO play_for(name,DOB,franchise,start,end) VALUES ('Jared Cook','1987-04-07','Rams',2013,2015);
INSERT INTO play_for(name,DOB,franchise,start,end) VALUES ('Jared Cook','1987-04-07','Packers',2016,2016);
INSERT INTO play_for(name,DOB,franchise,start,end) VALUES ('Jared Cook','1987-04-07','Raiders',2017,2018);
INSERT INTO play_for(name,DOB,franchise,start,end) VALUES ('Jared Cook','1987-04-07','Saints',2019,2020);
INSERT INTO play_for(name,DOB,franchise,start,end) VALUES ('Jared Cook','1987-04-07','Chargers',2021,2021);
INSERT INTO play_for(name,DOB,franchise,start,end) VALUES ('Gerald Everett','1994-06-25','Rams',2017,2020);
INSERT INTO play_for(name,DOB,franchise,start,end) VALUES ('Gerald Everett','1994-06-25','Seahawks',2021,2021);
INSERT INTO play_for(name,DOB,franchise,start,end) VALUES ('Kalif Raymond','1994-08-08','Broncos',2016,2016);
INSERT INTO play_for(name,DOB,franchise,start,end) VALUES ('Kalif Raymond','1994-08-08','Giants',2017,2017);
INSERT INTO play_for(name,DOB,franchise,start,end) VALUES ('Kalif Raymond','1994-08-08','Jets',2017,2017);
INSERT INTO play_for(name,DOB,franchise,start,end) VALUES ('Kalif Raymond','1994-08-08','Titans',2019,2020);
INSERT INTO play_for(name,DOB,franchise,start,end) VALUES ('Kalif Raymond','1994-08-08','Lions',2021,2021);
INSERT INTO play_for(name,DOB,franchise,start,end) VALUES ('Zay Jones','1995-03-30','Bills',2017,2019);
INSERT INTO play_for(name,DOB,franchise,start,end) VALUES ('Zay Jones','1995-03-30','Raiders',2019,2021);
INSERT INTO play_for(name,DOB,franchise,start,end) VALUES ('Rashod Bateman','1999-11-29','Ravens',2021,2021);
INSERT INTO play_for(name,DOB,franchise,start,end) VALUES ('Braxton Berrios','1995-10-06','Jets',2019,2021);
INSERT INTO play_for(name,DOB,franchise,start,end) VALUES ('Marquez Callaway','1998-03-27','Saints',2020,2021);
INSERT INTO play_for(name,DOB,franchise,start,end) VALUES ('Evan Engram','1994-09-02','Giants',2017,2021);
INSERT INTO play_for(name,DOB,franchise,start,end) VALUES ('Cedrick Wilson Jr.','1995-11-20','Cowboys',2019,2021);
INSERT INTO play_for(name,DOB,franchise,start,end) VALUES ('Robert Woods','1992-04-10','Bills',2013,2016);
INSERT INTO play_for(name,DOB,franchise,start,end) VALUES ('Robert Woods','1992-04-10','Rams',2017,2021);
INSERT INTO play_for(name,DOB,franchise,start,end) VALUES ('Odell Beckham Jr.','1992-11-05','Giants',2014,2018);
INSERT INTO play_for(name,DOB,franchise,start,end) VALUES ('Odell Beckham Jr.','1992-11-05','Browns',2019,2021);
INSERT INTO play_for(name,DOB,franchise,start,end) VALUES ('Odell Beckham Jr.','1992-11-05','Rams',2021,2021);
INSERT INTO play_for(name,DOB,franchise,start,end) VALUES ('Elijah Moore','2000-03-27','Jets',2021,2021);
INSERT INTO play_for(name,DOB,franchise,start,end) VALUES ('Quez Watkins','1998-06-09','Eagles',2020,2021);
INSERT INTO play_for(name,DOB,franchise,start,end) VALUES ('Antonio Brown','1988-07-10','Steelers',2010,2018);
INSERT INTO play_for(name,DOB,franchise,start,end) VALUES ('Antonio Brown','1988-07-10','Patriots',2019,2019);
INSERT INTO play_for(name,DOB,franchise,start,end) VALUES ('Antonio Brown','1988-07-10','Buccaneers',2020,2021);
INSERT INTO play_for(name,DOB,franchise,start,end) VALUES ('DeAndre Hopkins','1992-06-06','Texans',2013,2019);
INSERT INTO play_for(name,DOB,franchise,start,end) VALUES ('DeAndre Hopkins','1992-06-06','Cardinals',2020,2021);
INSERT INTO play_for(name,DOB,franchise,start,end) VALUES ('Byron Pringle','1993-11-17','Chiefs',2019,2021);
INSERT INTO play_for(name,DOB,franchise,start,end) VALUES ('Emmanuel Sanders','1987-03-17','Steelers',2010,2013);
INSERT INTO play_for(name,DOB,franchise,start,end) VALUES ('Emmanuel Sanders','1987-03-17','Broncos',2014,2019);
INSERT INTO play_for(name,DOB,franchise,start,end) VALUES ('Emmanuel Sanders','1987-03-17','49ers',2019,2019);
INSERT INTO play_for(name,DOB,franchise,start,end) VALUES ('Emmanuel Sanders','1987-03-17','Saints',2020,2020);
INSERT INTO play_for(name,DOB,franchise,start,end) VALUES ('Emmanuel Sanders','1987-03-17','Bills',2021,2021);
INSERT INTO play_for(name,DOB,franchise,start,end) VALUES ('Adam Humphries','1993-06-24','Buccaneers',2015,2018);
INSERT INTO play_for(name,DOB,franchise,start,end) VALUES ('Adam Humphries','1993-06-24','Titans',2019,2020);
INSERT INTO play_for(name,DOB,franchise,start,end) VALUES ('Adam Humphries','1993-06-24','Commanders',2021,2021);
INSERT INTO play_for(name,DOB,franchise,start,end) VALUES ('Allen Lazard','1995-12-11','Packers',2018,2021);
INSERT INTO play_for(name,DOB,franchise,start,end) VALUES ('DeVante Parker','1993-01-20','Dolphins',2015,2021);
INSERT INTO play_for(name,DOB,franchise,start,end) VALUES ('Ray-Ray McCloud','1996-10-15','Bills',2018,2018);
INSERT INTO play_for(name,DOB,franchise,start,end) VALUES ('Ray-Ray McCloud','1996-10-15','Panthers',2019,2019);
INSERT INTO play_for(name,DOB,franchise,start,end) VALUES ('Ray-Ray McCloud','1996-10-15','Steelers',2020,2021);
INSERT INTO play_for(name,DOB,franchise,start,end) VALUES ('Kadarius Toney','1999-01-27','Giants',2021,2021);
