INSERT INTO player(name,DOB,kit_number,position) VALUES ('Najee Harris','1998-03-09',22,'RB');
INSERT INTO player(name,DOB,kit_number,position) VALUES ('Joe Mixon','1996-07-24',28,'RB');
INSERT INTO player(name,DOB,kit_number,position) VALUES ('Antonio Gibson','1998-06-23',24,'RB');
INSERT INTO player(name,DOB,kit_number,position) VALUES ('Dalvin Cook','1995-08-10',33,'RB');
INSERT INTO player(name,DOB,kit_number,position) VALUES ('Alvin Kamara','1995-07-25',41,'RB');
INSERT INTO player(name,DOB,kit_number,position) VALUES ('Ezekiel Elliott','1995-07-22',21,'RB');
INSERT INTO player(name,DOB,kit_number,position) VALUES ('Nick Chubb','1995-12-27',24,'RB');
INSERT INTO player(name,DOB,kit_number,position) VALUES ('David Montgomery','1997-06-07',32,'RB');
INSERT INTO player(name,DOB,kit_number,position) VALUES ('Derrick Henry','1994-01-04',22,'RB');
INSERT INTO player(name,DOB,kit_number,position) VALUES ('Josh Jacobs','1998-02-11',28,'RB');
INSERT INTO player(name,DOB,kit_number,position) VALUES ('Sony Michel','1995-02-17',25,'RB');
INSERT INTO player(name,DOB,kit_number,position) VALUES ('Elijah Mitchell','1998-05-02',25,'RB');
INSERT INTO player(name,DOB,kit_number,position) VALUES ('Austin Ekeler','1995-05-17',30,'RB');
INSERT INTO player(name,DOB,kit_number,position) VALUES ('Melvin Gordon','1993-04-13',25,'RB');
INSERT INTO player(name,DOB,kit_number,position) VALUES ('Javonte Williams','2000-04-25',33,'RB');
INSERT INTO player(name,DOB,kit_number,position) VALUES ('James Conner','1995-05-05',6,'RB');
INSERT INTO player(name,DOB,kit_number,position) VALUES ('Damien Harris','1997-02-11',37,'RB');
INSERT INTO player(name,DOB,kit_number,position) VALUES ('Devin Singletary','1997-09-03',26,'RB');
INSERT INTO player(name,DOB,kit_number,position) VALUES ('AJ Dillon','1998-05-02',28,'RB');
INSERT INTO player(name,DOB,kit_number,position) VALUES ('Leonard Fournette','1995-01-18',7,'RB');
INSERT INTO player(name,DOB,kit_number,position) VALUES ('Myles Gaskin','1997-02-15',37,'RB');
INSERT INTO player(name,DOB,kit_number,position) VALUES ('Chuba Hubbard','1999-06-11',30,'RB');
INSERT INTO player(name,DOB,kit_number,position) VALUES ('Aaron Jones','1994-12-02',33,'RB');
INSERT INTO player(name,DOB,kit_number,position) VALUES ('James Robinson','1998-08-09',25,'RB');
INSERT INTO player(name,DOB,kit_number,position) VALUES ('Saquon Barkley','1997-02-09',26,'RB');
INSERT INTO player(name,DOB,kit_number,position) VALUES ('Mark Ingram','1989-12-21',14,'RB');
INSERT INTO player(name,DOB,kit_number,position) VALUES ('Cordarrelle Patterson','1991-03-17',84,'RB');
INSERT INTO player(name,DOB,kit_number,position) VALUES ('Jamaal Williams','1995-04-03',30,'RB');
INSERT INTO player(name,DOB,kit_number,position) VALUES ('D''Andre Swift','1999-01-14',32,'RB');
INSERT INTO player(name,DOB,kit_number,position) VALUES ('Darrell Henderson','1997-08-19',27,'RB');
INSERT INTO player(name,DOB,kit_number,position) VALUES ('Michael Carter','1999-05-07',32,'RB');
INSERT INTO player(name,DOB,kit_number,position) VALUES ('Devontae Booker','1992-05-27',28,'RB');
INSERT INTO player(name,DOB,kit_number,position) VALUES ('Darrel Williams','1995-04-15',31,'RB');
INSERT INTO player(name,DOB,kit_number,position) VALUES ('Mike Davis','1993-02-19',28,'RB');
INSERT INTO player(name,DOB,kit_number,position) VALUES ('Miles Sanders','1997-05-01',26,'RB');
INSERT INTO player(name,DOB,kit_number,position) VALUES ('Alexander Mattison','1998-06-19',25,'RB');
INSERT INTO player(name,DOB,kit_number,position) VALUES ('D''Onta Foreman','1996-04-24',45,'RB');
INSERT INTO player(name,DOB,kit_number,position) VALUES ('Devonta Freeman','1992-03-15',33,'RB');
INSERT INTO player(name,DOB,kit_number,position) VALUES ('Rhamondre Stevenson','1998-02-23',38,'RB');
INSERT INTO player(name,DOB,kit_number,position) VALUES ('Tony Pollard','1997-04-30',20,'RB');
INSERT INTO player(name,DOB,kit_number,position) VALUES ('Rex Burkhead','1990-07-02',28,'RB');
INSERT INTO player(name,DOB,kit_number,position) VALUES ('Clyde Edwards-Helaire','1999-04-11',25,'RB');
INSERT INTO player(name,DOB,kit_number,position) VALUES ('Latavius Murray','1990-01-18',28,'RB');
INSERT INTO player(name,DOB,kit_number,position) VALUES ('Rashaad Penny','1996-02-02',20,'RB');
INSERT INTO player(name,DOB,kit_number,position) VALUES ('Chase Edmonds','1996-04-13',2,'RB');
INSERT INTO player(name,DOB,kit_number,position) VALUES ('Alex Collins','1994-08-26',41,'RB');
INSERT INTO player(name,DOB,kit_number,position) VALUES ('Khalil Herbert','1998-04-21',24,'RB');
INSERT INTO player(name,DOB,kit_number,position) VALUES ('Ronald Jones II','1997-08-03',27,'RB');
INSERT INTO player(name,DOB,kit_number,position) VALUES ('D''Ernest Johnson','1996-02-27',30,'RB');
INSERT INTO player(name,DOB,kit_number,position) VALUES ('Christian McCaffrey','1996-06-07',22,'RB');
INSERT INTO player(name,DOB,kit_number,position) VALUES ('Zack Moss','1997-12-15',20,'RB');
INSERT INTO player(name,DOB,kit_number,position) VALUES ('Phillip Lindsay','1994-07-24',31,'RB');
INSERT INTO player(name,DOB,kit_number,position) VALUES ('Boston Scott','1995-04-27',35,'RB');
INSERT INTO player(name,DOB,kit_number,position) VALUES ('Jordan Howard','1994-11-02',24,'RB');
INSERT INTO player(name,DOB,kit_number,position) VALUES ('Tevin Coleman','1993-04-16',23,'RB');
INSERT INTO player(name,DOB,kit_number,position) VALUES ('Jeff Wilson','1995-11-16',22,'RB');
INSERT INTO player(name,DOB,kit_number,position) VALUES ('Kareem Hunt','1995-08-06',27,'RB');
INSERT INTO player(name,DOB,kit_number,position) VALUES ('Carlos Hyde','1990-09-20',24,'RB');
INSERT INTO player(name,DOB,kit_number,position) VALUES ('Duke Johnson','1993-09-23',28,'RB');
INSERT INTO player(name,DOB,kit_number,position) VALUES ('Kenneth Gainwell','1999-03-14',14,'RB');
INSERT INTO player(name,DOB,kit_number,position) VALUES ('Justin Jackson','1996-04-22',22,'RB');
INSERT INTO player(name,DOB,kit_number,position) VALUES ('Jaret Patterson','1999-12-23',32,'RB');
INSERT INTO player(name,DOB,kit_number,position) VALUES ('David Johnson','1991-12-16',31,'RB');
INSERT INTO player(name,DOB,kit_number,position) VALUES ('Kenyan Drake','1994-01-26',23,'RB');
INSERT INTO player(name,DOB,kit_number,position) VALUES ('Ty Johnson','1997-09-17',25,'RB');
INSERT INTO player(name,DOB,kit_number,position) VALUES ('Royce Freeman','1996-02-24',26,'RB');
INSERT INTO player(name,DOB,kit_number,position) VALUES ('Dontrell Hilliard','1995-02-26',40,'RB');
INSERT INTO player(name,DOB,kit_number,position) VALUES ('Nyheim Hines','1996-11-12',21,'RB');
INSERT INTO player(name,DOB,kit_number,position) VALUES ('Peyton Barber','1994-06-27',31,'RB');
INSERT INTO player(name,DOB,kit_number,position) VALUES ('Samaje Perine','1995-09-16',34,'RB');
INSERT INTO player(name,DOB,kit_number,position) VALUES ('Craig Reynolds','1996-06-15',46,'RB');
INSERT INTO player(name,DOB,kit_number,position) VALUES ('Salvon Ahmed','1998-12-29',26,'RB');
INSERT INTO player(name,DOB,kit_number,position) VALUES ('Chris Carson','1994-09-16',32,'RB');
INSERT INTO player(name,DOB,kit_number,position) VALUES ('Tony Jones','1997-11-24',21,'RB');
INSERT INTO player(name,DOB,kit_number,position) VALUES ('Ameer Abdullah','1993-06-13',31,'RB');
INSERT INTO player(name,DOB,kit_number,position) VALUES ('Derrick Gore','1994-12-13',40,'RB');
INSERT INTO player(name,DOB,kit_number,position) VALUES ('J.D. McKissic','1993-08-15',41,'RB');
INSERT INTO player(name,DOB,kit_number,position) VALUES ('Brandon Bolden','1990-01-26',25,'RB');
INSERT INTO player(name,DOB,kit_number,position) VALUES ('Dare Ogunbowale','1994-05-04',33,'RB');
INSERT INTO player(name,DOB,kit_number,position) VALUES ('Jeremy McNichols','1995-12-26',28,'RB');
INSERT INTO player(name,DOB,kit_number,position) VALUES ('Trey Sermon','1999-01-30',28,'RB');
INSERT INTO player(name,DOB,kit_number,position) VALUES ('Damien Williams','1992-04-03',8,'RB');
INSERT INTO player(name,DOB,kit_number,position) VALUES ('Le''Veon Bell','1992-02-18',6,'RB');
INSERT INTO player(name,DOB,kit_number,position) VALUES ('Adrian Peterson','1985-03-21',21,'RB');
INSERT INTO player(name,DOB,kit_number,position) VALUES ('Larry Rountree','1999-02-13',35,'RB');
INSERT INTO player(name,DOB,kit_number,position) VALUES ('Benny Snell Jr.','1998-02-26',24,'RB');
INSERT INTO player(name,DOB,kit_number,position) VALUES ('Ke''Shawn Vaughn','1997-05-04',21,'RB');
INSERT INTO player(name,DOB,kit_number,position) VALUES ('Ty''Son Williams','1996-09-04',34,'RB');
INSERT INTO player(name,DOB,kit_number,position) VALUES ('Eno Benjamin','1999-04-13',26,'RB');
INSERT INTO player(name,DOB,kit_number,position) VALUES ('Malcolm Brown','1993-05-15',34,'RB');
INSERT INTO player(name,DOB,kit_number,position) VALUES ('Corey Clement','1994-11-02',32,'RB');
INSERT INTO player(name,DOB,kit_number,position) VALUES ('DeeJay Dallas','1998-09-16',31,'RB');
INSERT INTO player(name,DOB,kit_number,position) VALUES ('Joshua Kelley','1997-11-20',27,'RB');
INSERT INTO player_stats(name,season,running_yards,throwing_yards,sacks,catches,touchdowns,punt_returns,field_goals) VALUES ('Najee Harris',2021,1200,0,0,0,7,0,0);
INSERT INTO player_stats(name,season,running_yards,throwing_yards,sacks,catches,touchdowns,punt_returns,field_goals) VALUES ('Joe Mixon',2021,1205,0,0,0,13,0,0);
INSERT INTO player_stats(name,season,running_yards,throwing_yards,sacks,catches,touchdowns,punt_returns,field_goals) VALUES ('Antonio Gibson',2021,1037,0,0,0,7,0,0);
INSERT INTO player_stats(name,season,running_yards,throwing_yards,sacks,catches,touchdowns,punt_returns,field_goals) VALUES ('Dalvin Cook',2021,1159,0,0,0,6,0,0);
INSERT INTO player_stats(name,season,running_yards,throwing_yards,sacks,catches,touchdowns,punt_returns,field_goals) VALUES ('Alvin Kamara',2021,898,0,0,0,4,0,0);
INSERT INTO player_stats(name,season,running_yards,throwing_yards,sacks,catches,touchdowns,punt_returns,field_goals) VALUES ('Ezekiel Elliott',2021,1002,0,0,0,10,0,0);
INSERT INTO player_stats(name,season,running_yards,throwing_yards,sacks,catches,touchdowns,punt_returns,field_goals) VALUES ('Nick Chubb',2021,1259,0,0,0,8,0,0);
INSERT INTO player_stats(name,season,running_yards,throwing_yards,sacks,catches,touchdowns,punt_returns,field_goals) VALUES ('David Montgomery',2021,849,0,0,0,7,0,0);
INSERT INTO player_stats(name,season,running_yards,throwing_yards,sacks,catches,touchdowns,punt_returns,field_goals) VALUES ('Derrick Henry',2021,937,0,0,0,10,0,0);
INSERT INTO player_stats(name,season,running_yards,throwing_yards,sacks,catches,touchdowns,punt_returns,field_goals) VALUES ('Josh Jacobs',2021,872,0,0,0,9,0,0);
INSERT INTO player_stats(name,season,running_yards,throwing_yards,sacks,catches,touchdowns,punt_returns,field_goals) VALUES ('Sony Michel',2021,845,0,0,0,4,0,0);
INSERT INTO player_stats(name,season,running_yards,throwing_yards,sacks,catches,touchdowns,punt_returns,field_goals) VALUES ('Elijah Mitchell',2021,963,0,0,0,5,0,0);
INSERT INTO player_stats(name,season,running_yards,throwing_yards,sacks,catches,touchdowns,punt_returns,field_goals) VALUES ('Austin Ekeler',2021,911,0,0,0,12,0,0);
INSERT INTO player_stats(name,season,running_yards,throwing_yards,sacks,catches,touchdowns,punt_returns,field_goals) VALUES ('Melvin Gordon',2021,918,0,0,0,8,0,0);
INSERT INTO player_stats(name,season,running_yards,throwing_yards,sacks,catches,touchdowns,punt_returns,field_goals) VALUES ('Javonte Williams',2021,903,0,0,0,4,0,0);
INSERT INTO player_stats(name,season,running_yards,throwing_yards,sacks,catches,touchdowns,punt_returns,field_goals) VALUES ('James Conner',2021,752,0,0,0,15,0,0);
INSERT INTO player_stats(name,season,running_yards,throwing_yards,sacks,catches,touchdowns,punt_returns,field_goals) VALUES ('Damien Harris',2021,929,0,0,0,15,0,0);
INSERT INTO player_stats(name,season,running_yards,throwing_yards,sacks,catches,touchdowns,punt_returns,field_goals) VALUES ('Devin Singletary',2021,870,0,0,0,7,0,0);
INSERT INTO player_stats(name,season,running_yards,throwing_yards,sacks,catches,touchdowns,punt_returns,field_goals) VALUES ('AJ Dillon',2021,803,0,0,0,5,0,0);
INSERT INTO player_stats(name,season,running_yards,throwing_yards,sacks,catches,touchdowns,punt_returns,field_goals) VALUES ('Leonard Fournette',2021,812,0,0,0,8,0,0);
INSERT INTO player_stats(name,season,running_yards,throwing_yards,sacks,catches,touchdowns,punt_returns,field_goals) VALUES ('Myles Gaskin',2021,612,0,0,0,3,0,0);
INSERT INTO player_stats(name,season,running_yards,throwing_yards,sacks,catches,touchdowns,punt_returns,field_goals) VALUES ('Chuba Hubbard',2021,612,0,0,0,5,0,0);
INSERT INTO player_stats(name,season,running_yards,throwing_yards,sacks,catches,touchdowns,punt_returns,field_goals) VALUES ('Aaron Jones',2021,799,0,0,0,4,0,0);
INSERT INTO player_stats(name,season,running_yards,throwing_yards,sacks,catches,touchdowns,punt_returns,field_goals) VALUES ('James Robinson',2021,767,0,0,0,8,0,0);
INSERT INTO player_stats(name,season,running_yards,throwing_yards,sacks,catches,touchdowns,punt_returns,field_goals) VALUES ('Saquon Barkley',2021,593,0,0,0,2,0,0);
INSERT INTO player_stats(name,season,running_yards,throwing_yards,sacks,catches,touchdowns,punt_returns,field_goals) VALUES ('Mark Ingram',2021,554,0,0,0,2,0,0);
INSERT INTO player_stats(name,season,running_yards,throwing_yards,sacks,catches,touchdowns,punt_returns,field_goals) VALUES ('Cordarrelle Patterson',2021,618,0,0,0,6,0,0);
INSERT INTO player_stats(name,season,running_yards,throwing_yards,sacks,catches,touchdowns,punt_returns,field_goals) VALUES ('Jamaal Williams',2021,601,0,0,0,3,0,0);
INSERT INTO player_stats(name,season,running_yards,throwing_yards,sacks,catches,touchdowns,punt_returns,field_goals) VALUES ('D''Andre Swift',2021,617,0,0,0,5,0,0);
INSERT INTO player_stats(name,season,running_yards,throwing_yards,sacks,catches,touchdowns,punt_returns,field_goals) VALUES ('Darrell Henderson',2021,688,0,0,0,5,0,0);
INSERT INTO player_stats(name,season,running_yards,throwing_yards,sacks,catches,touchdowns,punt_returns,field_goals) VALUES ('Michael Carter',2021,639,0,0,0,4,0,0);
INSERT INTO player_stats(name,season,running_yards,throwing_yards,sacks,catches,touchdowns,punt_returns,field_goals) VALUES ('Devontae Booker',2021,593,0,0,0,2,0,0);
INSERT INTO player_stats(name,season,running_yards,throwing_yards,sacks,catches,touchdowns,punt_returns,field_goals) VALUES ('Darrel Williams',2021,558,0,0,0,6,0,0);
INSERT INTO player_stats(name,season,running_yards,throwing_yards,sacks,catches,touchdowns,punt_returns,field_goals) VALUES ('Mike Davis',2021,503,0,0,0,3,0,0);
INSERT INTO player_stats(name,season,running_yards,throwing_yards,sacks,catches,touchdowns,punt_returns,field_goals) VALUES ('Miles Sanders',2021,754,0,0,0,0,0,0);
INSERT INTO player_stats(name,season,running_yards,throwing_yards,sacks,catches,touchdowns,punt_returns,field_goals) VALUES ('Alexander Mattison',2021,491,0,0,0,3,0,0);
INSERT INTO player_stats(name,season,running_yards,throwing_yards,sacks,catches,touchdowns,punt_returns,field_goals) VALUES ('D''Onta Foreman',2021,566,0,0,0,3,0,0);
INSERT INTO player_stats(name,season,running_yards,throwing_yards,sacks,catches,touchdowns,punt_returns,field_goals) VALUES ('Devonta Freeman',2021,576,0,0,0,5,0,0);
INSERT INTO player_stats(name,season,running_yards,throwing_yards,sacks,catches,touchdowns,punt_returns,field_goals) VALUES ('Rhamondre Stevenson',2021,606,0,0,0,5,0,0);
INSERT INTO player_stats(name,season,running_yards,throwing_yards,sacks,catches,touchdowns,punt_returns,field_goals) VALUES ('Tony Pollard',2021,719,0,0,0,2,0,0);
INSERT INTO player_stats(name,season,running_yards,throwing_yards,sacks,catches,touchdowns,punt_returns,field_goals) VALUES ('Rex Burkhead',2021,427,0,0,0,3,0,0);
INSERT INTO player_stats(name,season,running_yards,throwing_yards,sacks,catches,touchdowns,punt_returns,field_goals) VALUES ('Clyde Edwards-Helaire',2021,517,0,0,0,4,0,0);
INSERT INTO player_stats(name,season,running_yards,throwing_yards,sacks,catches,touchdowns,punt_returns,field_goals) VALUES ('Latavius Murray',2021,501,0,0,0,6,0,0);
INSERT INTO player_stats(name,season,running_yards,throwing_yards,sacks,catches,touchdowns,punt_returns,field_goals) VALUES ('Rashaad Penny',2021,749,0,0,0,6,0,0);
INSERT INTO player_stats(name,season,running_yards,throwing_yards,sacks,catches,touchdowns,punt_returns,field_goals) VALUES ('Chase Edmonds',2021,592,0,0,0,2,0,0);
INSERT INTO player_stats(name,season,running_yards,throwing_yards,sacks,catches,touchdowns,punt_returns,field_goals) VALUES ('Alex Collins',2021,411,0,0,0,2,0,0);
INSERT INTO player_stats(name,season,running_yards,throwing_yards,sacks,catches,touchdowns,punt_returns,field_goals) VALUES ('Khalil Herbert',2021,433,0,0,0,2,0,0);
INSERT INTO player_stats(name,season,running_yards,throwing_yards,sacks,catches,touchdowns,punt_returns,field_goals) VALUES ('Ronald Jones II',2021,428,0,0,0,4,0,0);
INSERT INTO player_stats(name,season,running_yards,throwing_yards,sacks,catches,touchdowns,punt_returns,field_goals) VALUES ('D''Ernest Johnson',2021,534,0,0,0,3,0,0);
INSERT INTO player_stats(name,season,running_yards,throwing_yards,sacks,catches,touchdowns,punt_returns,field_goals) VALUES ('Christian McCaffrey',2021,442,0,0,0,1,0,0);
INSERT INTO player_stats(name,season,running_yards,throwing_yards,sacks,catches,touchdowns,punt_returns,field_goals) VALUES ('Zack Moss',2021,345,0,0,0,4,0,0);
INSERT INTO player_stats(name,season,running_yards,throwing_yards,sacks,catches,touchdowns,punt_returns,field_goals) VALUES ('Phillip Lindsay',2021,249,0,0,0,1,0,0);
INSERT INTO player_stats(name,season,running_yards,throwing_yards,sacks,catches,touchdowns,punt_returns,field_goals) VALUES ('Boston Scott',2021,373,0,0,0,7,0,0);
INSERT INTO player_stats(name,season,running_yards,throwing_yards,sacks,catches,touchdowns,punt_returns,field_goals) VALUES ('Jordan Howard',2021,406,0,0,0,3,0,0);
INSERT INTO player_stats(name,season,running_yards,throwing_yards,sacks,catches,touchdowns,punt_returns,field_goals) VALUES ('Tevin Coleman',2021,356,0,0,0,0,0,0);
INSERT INTO player_stats(name,season,running_yards,throwing_yards,sacks,catches,touchdowns,punt_returns,field_goals) VALUES ('Jeff Wilson',2021,294,0,0,0,2,0,0);
INSERT INTO player_stats(name,season,running_yards,throwing_yards,sacks,catches,touchdowns,punt_returns,field_goals) VALUES ('Kareem Hunt',2021,386,0,0,0,5,0,0);
INSERT INTO player_stats(name,season,running_yards,throwing_yards,sacks,catches,touchdowns,punt_returns,field_goals) VALUES ('Carlos Hyde',2021,253,0,0,0,1,0,0);
INSERT INTO player_stats(name,season,running_yards,throwing_yards,sacks,catches,touchdowns,punt_returns,field_goals) VALUES ('Duke Johnson',2021,330,0,0,0,3,0,0);
INSERT INTO player_stats(name,season,running_yards,throwing_yards,sacks,catches,touchdowns,punt_returns,field_goals) VALUES ('Kenneth Gainwell',2021,291,0,0,0,5,0,0);
INSERT INTO player_stats(name,season,running_yards,throwing_yards,sacks,catches,touchdowns,punt_returns,field_goals) VALUES ('Justin Jackson',2021,364,0,0,0,2,0,0);
INSERT INTO player_stats(name,season,running_yards,throwing_yards,sacks,catches,touchdowns,punt_returns,field_goals) VALUES ('Jaret Patterson',2021,266,0,0,0,2,0,0);
INSERT INTO player_stats(name,season,running_yards,throwing_yards,sacks,catches,touchdowns,punt_returns,field_goals) VALUES ('David Johnson',2021,228,0,0,0,0,0,0);
INSERT INTO player_stats(name,season,running_yards,throwing_yards,sacks,catches,touchdowns,punt_returns,field_goals) VALUES ('Kenyan Drake',2021,254,0,0,0,2,0,0);
INSERT INTO player_stats(name,season,running_yards,throwing_yards,sacks,catches,touchdowns,punt_returns,field_goals) VALUES ('Ty Johnson',2021,238,0,0,0,2,0,0);
INSERT INTO player_stats(name,season,running_yards,throwing_yards,sacks,catches,touchdowns,punt_returns,field_goals) VALUES ('Royce Freeman',2021,169,0,0,0,0,0,0);
INSERT INTO player_stats(name,season,running_yards,throwing_yards,sacks,catches,touchdowns,punt_returns,field_goals) VALUES ('Dontrell Hilliard',2021,350,0,0,0,2,0,0);
INSERT INTO player_stats(name,season,running_yards,throwing_yards,sacks,catches,touchdowns,punt_returns,field_goals) VALUES ('Nyheim Hines',2021,276,0,0,0,2,0,0);
INSERT INTO player_stats(name,season,running_yards,throwing_yards,sacks,catches,touchdowns,punt_returns,field_goals) VALUES ('Peyton Barber',2021,212,0,0,0,2,0,0);
INSERT INTO player_stats(name,season,running_yards,throwing_yards,sacks,catches,touchdowns,punt_returns,field_goals) VALUES ('Samaje Perine',2021,246,0,0,0,1,0,0);
INSERT INTO player_stats(name,season,running_yards,throwing_yards,sacks,catches,touchdowns,punt_returns,field_goals) VALUES ('Craig Reynolds',2021,230,0,0,0,0,0,0);
INSERT INTO player_stats(name,season,running_yards,throwing_yards,sacks,catches,touchdowns,punt_returns,field_goals) VALUES ('Salvon Ahmed',2021,149,0,0,0,0,0,0);
INSERT INTO player_stats(name,season,running_yards,throwing_yards,sacks,catches,touchdowns,punt_returns,field_goals) VALUES ('Chris Carson',2021,232,0,0,0,3,0,0);
INSERT INTO player_stats(name,season,running_yards,throwing_yards,sacks,catches,touchdowns,punt_returns,field_goals) VALUES ('Tony Jones',2021,142,0,0,0,0,0,0);
INSERT INTO player_stats(name,season,running_yards,throwing_yards,sacks,catches,touchdowns,punt_returns,field_goals) VALUES ('Ameer Abdullah',2021,166,0,0,0,0,0,0);
INSERT INTO player_stats(name,season,running_yards,throwing_yards,sacks,catches,touchdowns,punt_returns,field_goals) VALUES ('Derrick Gore',2021,256,0,0,0,2,0,0);
INSERT INTO player_stats(name,season,running_yards,throwing_yards,sacks,catches,touchdowns,punt_returns,field_goals) VALUES ('J.D. McKissic',2021,212,0,0,0,2,0,0);
INSERT INTO player_stats(name,season,running_yards,throwing_yards,sacks,catches,touchdowns,punt_returns,field_goals) VALUES ('Brandon Bolden',2021,226,0,0,0,1,0,0);
INSERT INTO player_stats(name,season,running_yards,throwing_yards,sacks,catches,touchdowns,punt_returns,field_goals) VALUES ('Dare Ogunbowale',2021,137,0,0,0,1,0,0);
INSERT INTO player_stats(name,season,running_yards,throwing_yards,sacks,catches,touchdowns,punt_returns,field_goals) VALUES ('Jeremy McNichols',2021,156,0,0,0,0,0,0);
INSERT INTO player_stats(name,season,running_yards,throwing_yards,sacks,catches,touchdowns,punt_returns,field_goals) VALUES ('Trey Sermon',2021,167,0,0,0,1,0,0);
INSERT INTO player_stats(name,season,running_yards,throwing_yards,sacks,catches,touchdowns,punt_returns,field_goals) VALUES ('Damien Williams',2021,164,0,0,0,2,0,0);
INSERT INTO player_stats(name,season,running_yards,throwing_yards,sacks,catches,touchdowns,punt_returns,field_goals) VALUES ('Le''Veon Bell',2021,101,0,0,0,2,0,0);
INSERT INTO player_stats(name,season,running_yards,throwing_yards,sacks,catches,touchdowns,punt_returns,field_goals) VALUES ('Adrian Peterson',2021,98,0,0,0,2,0,0);
INSERT INTO player_stats(name,season,running_yards,throwing_yards,sacks,catches,touchdowns,punt_returns,field_goals) VALUES ('Larry Rountree',2021,87,0,0,0,1,0,0);
INSERT INTO player_stats(name,season,running_yards,throwing_yards,sacks,catches,touchdowns,punt_returns,field_goals) VALUES ('Benny Snell Jr.',2021,98,0,0,0,0,0,0);
INSERT INTO player_stats(name,season,running_yards,throwing_yards,sacks,catches,touchdowns,punt_returns,field_goals) VALUES ('Ke''Shawn Vaughn',2021,180,0,0,0,2,0,0);
INSERT INTO player_stats(name,season,running_yards,throwing_yards,sacks,catches,touchdowns,punt_returns,field_goals) VALUES ('Ty''Son Williams',2021,185,0,0,0,1,0,0);
INSERT INTO player_stats(name,season,running_yards,throwing_yards,sacks,catches,touchdowns,punt_returns,field_goals) VALUES ('Eno Benjamin',2021,118,0,0,0,1,0,0);
INSERT INTO player_stats(name,season,running_yards,throwing_yards,sacks,catches,touchdowns,punt_returns,field_goals) VALUES ('Malcolm Brown',2021,125,0,0,0,1,0,0);
INSERT INTO player_stats(name,season,running_yards,throwing_yards,sacks,catches,touchdowns,punt_returns,field_goals) VALUES ('Corey Clement',2021,140,0,0,0,0,0,0);
INSERT INTO player_stats(name,season,running_yards,throwing_yards,sacks,catches,touchdowns,punt_returns,field_goals) VALUES ('DeeJay Dallas',2021,138,0,0,0,2,0,0);
INSERT INTO player_stats(name,season,running_yards,throwing_yards,sacks,catches,touchdowns,punt_returns,field_goals) VALUES ('Joshua Kelley',2021,102,0,0,0,0,0,0);
INSERT INTO play_for(name,DOB,franchise,start,end) VALUES ('Jonathan Taylor','1999-01-19','Colts',2020,2021);
INSERT INTO play_for(name,DOB,franchise,start,end) VALUES ('Najee Harris','1998-03-09','Steelers',2021,2021);
INSERT INTO play_for(name,DOB,franchise,start,end) VALUES ('Joe Mixon','1996-07-24','Bengals',2017,2021);
INSERT INTO play_for(name,DOB,franchise,start,end) VALUES ('Antonio Gibson','1998-06-23','Commanders',2020,2021);
INSERT INTO play_for(name,DOB,franchise,start,end) VALUES ('Dalvin Cook','1995-08-10','Vikings',2017,2021);
INSERT INTO play_for(name,DOB,franchise,start,end) VALUES ('Alvin Kamara','1995-07-25','Saints',2017,2021);
INSERT INTO play_for(name,DOB,franchise,start,end) VALUES ('Ezekiel Elliott','1995-07-22','Cowboys',2016,2021);
INSERT INTO play_for(name,DOB,franchise,start,end) VALUES ('Nick Chubb','1995-12-27','Browns',2018,2021);
INSERT INTO play_for(name,DOB,franchise,start,end) VALUES ('David Montgomery','1997-06-07','Bears',2019,2021);
INSERT INTO play_for(name,DOB,franchise,start,end) VALUES ('Derrick Henry','1994-01-04','Titans',2016,2021);
INSERT INTO play_for(name,DOB,franchise,start,end) VALUES ('Josh Jacobs','1998-02-11','Raiders',2019,2021);
INSERT INTO play_for(name,DOB,franchise,start,end) VALUES ('Sony Michel','1995-02-17','Patriots',2018,2020);
INSERT INTO play_for(name,DOB,franchise,start,end) VALUES ('Sony Michel','1995-02-17','Rams',2021,2021);
INSERT INTO play_for(name,DOB,franchise,start,end) VALUES ('Elijah Mitchell','1998-05-02','49ers',2021,2021);
INSERT INTO play_for(name,DOB,franchise,start,end) VALUES ('Austin Ekeler','1995-05-17','Chargers',2017,2021);
INSERT INTO play_for(name,DOB,franchise,start,end) VALUES ('Melvin Gordon','1993-04-13','Chargers',2015,2019);
INSERT INTO play_for(name,DOB,franchise,start,end) VALUES ('Melvin Gordon','1993-04-13','Broncos',2020,2021);
INSERT INTO play_for(name,DOB,franchise,start,end) VALUES ('Javonte Williams','2000-04-25','Broncos',2021,2021);
INSERT INTO play_for(name,DOB,franchise,start,end) VALUES ('James Conner','1995-05-05','Steelers',2017,2020);
INSERT INTO play_for(name,DOB,franchise,start,end) VALUES ('James Conner','1995-05-05','Cardinals',2021,2021);
INSERT INTO play_for(name,DOB,franchise,start,end) VALUES ('Damien Harris','1997-02-11','Patriots',2019,2021);
INSERT INTO play_for(name,DOB,franchise,start,end) VALUES ('Devin Singletary','1997-09-03','Bills',2019,2021);
INSERT INTO play_for(name,DOB,franchise,start,end) VALUES ('AJ Dillon','1998-05-02','Packers',2020,2021);
INSERT INTO play_for(name,DOB,franchise,start,end) VALUES ('Leonard Fournette','1995-01-18','Jaguars',2017,2019);
INSERT INTO play_for(name,DOB,franchise,start,end) VALUES ('Leonard Fournette','1995-01-18','Buccaneers',2020,2021);
INSERT INTO play_for(name,DOB,franchise,start,end) VALUES ('Myles Gaskin','1997-02-15','Dolphins',2019,2021);
INSERT INTO play_for(name,DOB,franchise,start,end) VALUES ('Chuba Hubbard','1999-06-11','Panthers',2021,2021);
INSERT INTO play_for(name,DOB,franchise,start,end) VALUES ('Aaron Jones','1994-12-02','Packers',2017,2021);
INSERT INTO play_for(name,DOB,franchise,start,end) VALUES ('James Robinson','1998-08-09','Jaguars',2020,2021);
INSERT INTO play_for(name,DOB,franchise,start,end) VALUES ('Saquon Barkley','1997-02-09','Giants',2018,2021);
INSERT INTO play_for(name,DOB,franchise,start,end) VALUES ('Mark Ingram','1989-12-21','Saints',2011,2018);
INSERT INTO play_for(name,DOB,franchise,start,end) VALUES ('Mark Ingram','1989-12-21','Ravens',2019,2020);
INSERT INTO play_for(name,DOB,franchise,start,end) VALUES ('Mark Ingram','1989-12-21','Texans',2021,2021);
--INSERT INTO play_for(name,DOB,franchise,start,end) VALUES ('Mark Ingram','1989-12-21','Saints',2021,2021);
INSERT INTO play_for(name,DOB,franchise,start,end) VALUES ('Cordarrelle Patterson','1991-03-17','Vikings',2013,2016);
INSERT INTO play_for(name,DOB,franchise,start,end) VALUES ('Cordarrelle Patterson','1991-03-17','Raiders',2017,2017);
INSERT INTO play_for(name,DOB,franchise,start,end) VALUES ('Cordarrelle Patterson','1991-03-17','Patriots',2018,2018);
INSERT INTO play_for(name,DOB,franchise,start,end) VALUES ('Cordarrelle Patterson','1991-03-17','Bears',2019,2020);
INSERT INTO play_for(name,DOB,franchise,start,end) VALUES ('Cordarrelle Patterson','1991-03-17','Falcons',2021,2021);
INSERT INTO play_for(name,DOB,franchise,start,end) VALUES ('Jamaal Williams','1995-04-03','Packers',2017,2020);
INSERT INTO play_for(name,DOB,franchise,start,end) VALUES ('Jamaal Williams','1995-04-03','Lions',2021,2021);
INSERT INTO play_for(name,DOB,franchise,start,end) VALUES ('D''Andre Swift','1999-01-14','Lions',2020,2021);
INSERT INTO play_for(name,DOB,franchise,start,end) VALUES ('Darrell Henderson','1997-08-19','Rams',2019,2021);
INSERT INTO play_for(name,DOB,franchise,start,end) VALUES ('Michael Carter','1999-05-07','Jets',2021,2021);
INSERT INTO play_for(name,DOB,franchise,start,end) VALUES ('Devontae Booker','1992-05-27','Broncos',2016,2019);
INSERT INTO play_for(name,DOB,franchise,start,end) VALUES ('Devontae Booker','1992-05-27','Raiders',2020,2020);
INSERT INTO play_for(name,DOB,franchise,start,end) VALUES ('Devontae Booker','1992-05-27','Giants',2021,2021);
INSERT INTO play_for(name,DOB,franchise,start,end) VALUES ('Darrel Williams','1995-04-15','Chiefs',2018,2021);
INSERT INTO play_for(name,DOB,franchise,start,end) VALUES ('Mike Davis','1993-02-19','49ers',2015,2016);
INSERT INTO play_for(name,DOB,franchise,start,end) VALUES ('Mike Davis','1993-02-19','Seahawks',2017,2018);
INSERT INTO play_for(name,DOB,franchise,start,end) VALUES ('Mike Davis','1993-02-19','Bears',2019,2019);
INSERT INTO play_for(name,DOB,franchise,start,end) VALUES ('Mike Davis','1993-02-19','Panthers',2020,2020);
INSERT INTO play_for(name,DOB,franchise,start,end) VALUES ('Mike Davis','1993-02-19','Falcons',2021,2021);
INSERT INTO play_for(name,DOB,franchise,start,end) VALUES ('Miles Sanders','1997-05-01','Eagles',2019,2021);
INSERT INTO play_for(name,DOB,franchise,start,end) VALUES ('Alexander Mattison','1998-06-19','Vikings',2019,2021);
INSERT INTO play_for(name,DOB,franchise,start,end) VALUES ('D''Onta Foreman','1996-04-24','Texans',2017,2018);
INSERT INTO play_for(name,DOB,franchise,start,end) VALUES ('D''Onta Foreman','1996-04-24','Titans',2020,2021);
INSERT INTO play_for(name,DOB,franchise,start,end) VALUES ('Devonta Freeman','1992-03-15','Falcons',2014,2019);
INSERT INTO play_for(name,DOB,franchise,start,end) VALUES ('Devonta Freeman','1992-03-15','Giants',2020,2020);
INSERT INTO play_for(name,DOB,franchise,start,end) VALUES ('Devonta Freeman','1992-03-15','Ravens',2021,2021);
INSERT INTO play_for(name,DOB,franchise,start,end) VALUES ('Rhamondre Stevenson','1998-02-23','Patriots',2021,2021);
INSERT INTO play_for(name,DOB,franchise,start,end) VALUES ('Tony Pollard','1997-04-30','Cowboys',2019,2021);
INSERT INTO play_for(name,DOB,franchise,start,end) VALUES ('Rex Burkhead','1990-07-02','Bengals',2013,2016);
INSERT INTO play_for(name,DOB,franchise,start,end) VALUES ('Rex Burkhead','1990-07-02','Patriots',2017,2020);
INSERT INTO play_for(name,DOB,franchise,start,end) VALUES ('Rex Burkhead','1990-07-02','Texans',2021,2021);
INSERT INTO play_for(name,DOB,franchise,start,end) VALUES ('Clyde Edwards-Helaire','1999-04-11','Chiefs',2020,2021);
INSERT INTO play_for(name,DOB,franchise,start,end) VALUES ('Latavius Murray','1990-01-18','Raiders',2014,2016);
INSERT INTO play_for(name,DOB,franchise,start,end) VALUES ('Latavius Murray','1990-01-18','Vikings',2017,2018);
INSERT INTO play_for(name,DOB,franchise,start,end) VALUES ('Latavius Murray','1990-01-18','Saints',2019,2020);
INSERT INTO play_for(name,DOB,franchise,start,end) VALUES ('Latavius Murray','1990-01-18','Ravens',2021,2021);
INSERT INTO play_for(name,DOB,franchise,start,end) VALUES ('Rashaad Penny','1996-02-02','Seahawks',2018,2021);
INSERT INTO play_for(name,DOB,franchise,start,end) VALUES ('Chase Edmonds','1996-04-13','Cardinals',2018,2021);
INSERT INTO play_for(name,DOB,franchise,start,end) VALUES ('Alex Collins','1994-08-27','Ravens',2017,2018);
INSERT INTO play_for(name,DOB,franchise,start,end) VALUES ('Alex Collins','1994-08-27','Seahawks',2020,2021);
INSERT INTO play_for(name,DOB,franchise,start,end) VALUES ('Khalil Herbert','1998-04-21','Bears',2021,2021);
INSERT INTO play_for(name,DOB,franchise,start,end) VALUES ('Ronald Jones II','1997-08-03','Buccaneers',2018,2021);
INSERT INTO play_for(name,DOB,franchise,start,end) VALUES ('D''Ernest Johnson','1996-02-27','Browns',2019,2021);
INSERT INTO play_for(name,DOB,franchise,start,end) VALUES ('Christian McCaffrey','1996-06-07','Panthers',2017,2021);
INSERT INTO play_for(name,DOB,franchise,start,end) VALUES ('Zack Moss','1997-12-15','Bills',2020,2021);
INSERT INTO play_for(name,DOB,franchise,start,end) VALUES ('Phillip Lindsay','1994-07-24','Broncos',2018,2020);
INSERT INTO play_for(name,DOB,franchise,start,end) VALUES ('Phillip Lindsay','1994-07-24','Texans',2021,2021);
INSERT INTO play_for(name,DOB,franchise,start,end) VALUES ('Phillip Lindsay','1994-07-24','Dolphins',2021,2021);
INSERT INTO play_for(name,DOB,franchise,start,end) VALUES ('Boston Scott','1995-04-27','Eagles',2018,2021);
INSERT INTO play_for(name,DOB,franchise,start,end) VALUES ('Jordan Howard','1994-11-02','Bears',2016,2018);
INSERT INTO play_for(name,DOB,franchise,start,end) VALUES ('Jordan Howard','1994-11-02','Dolphins',2020,2020);
INSERT INTO play_for(name,DOB,franchise,start,end) VALUES ('Jordan Howard','1994-11-02','Eagles',2020,2021);
INSERT INTO play_for(name,DOB,franchise,start,end) VALUES ('Tevin Coleman','1993-04-16','Falcons',2015,2018);
INSERT INTO play_for(name,DOB,franchise,start,end) VALUES ('Tevin Coleman','1993-04-16','49ers',2019,2020);
INSERT INTO play_for(name,DOB,franchise,start,end) VALUES ('Tevin Coleman','1993-04-16','Jets',2021,2021);
INSERT INTO play_for(name,DOB,franchise,start,end) VALUES ('Jeff Wilson','1995-11-16','49ers',2018,2021);
INSERT INTO play_for(name,DOB,franchise,start,end) VALUES ('Kareem Hunt','1995-08-06','Chiefs',2017,2018);
INSERT INTO play_for(name,DOB,franchise,start,end) VALUES ('Kareem Hunt','1995-08-06','Browns',2019,2021);
INSERT INTO play_for(name,DOB,franchise,start,end) VALUES ('Carlos Hyde','1990-09-20','49ers',2014,2017);
INSERT INTO play_for(name,DOB,franchise,start,end) VALUES ('Carlos Hyde','1990-09-20','Browns',2018,2018);
INSERT INTO play_for(name,DOB,franchise,start,end) VALUES ('Carlos Hyde','1990-09-20','Texans',2019,2019);
INSERT INTO play_for(name,DOB,franchise,start,end) VALUES ('Carlos Hyde','1990-09-20','Seahawks',2020,2020);
INSERT INTO play_for(name,DOB,franchise,start,end) VALUES ('Carlos Hyde','1990-09-20','Jaguars',2021,2021);
INSERT INTO play_for(name,DOB,franchise,start,end) VALUES ('Duke Johnson','1993-09-23','Browns',2015,2018);
INSERT INTO play_for(name,DOB,franchise,start,end) VALUES ('Duke Johnson','1993-09-23','Texans',2019,2020);
INSERT INTO play_for(name,DOB,franchise,start,end) VALUES ('Duke Johnson','1993-09-23','Dolphins',2021,2021);
INSERT INTO play_for(name,DOB,franchise,start,end) VALUES ('Kenneth Gainwell','1999-03-14','Eagles',2021,2021);
INSERT INTO play_for(name,DOB,franchise,start,end) VALUES ('Justin Jackson','1996-04-22','Chargers',2018,2021);
INSERT INTO play_for(name,DOB,franchise,start,end) VALUES ('Jaret Patterson','1999-12-23','Commanders',2021,2021);
INSERT INTO play_for(name,DOB,franchise,start,end) VALUES ('David Johnson','1991-12-16','Cardinals',2015,2019);
INSERT INTO play_for(name,DOB,franchise,start,end) VALUES ('David Johnson','1991-12-16','Texans',2020,2021);
INSERT INTO play_for(name,DOB,franchise,start,end) VALUES ('Kenyan Drake','1994-01-26','Dolphins',2016,2018);
INSERT INTO play_for(name,DOB,franchise,start,end) VALUES ('Kenyan Drake','1994-01-26','Cardinals',2019,2019);
INSERT INTO play_for(name,DOB,franchise,start,end) VALUES ('Kenyan Drake','1994-01-26','Raiders',2021,2021);
INSERT INTO play_for(name,DOB,franchise,start,end) VALUES ('Ty Johnson','1997-09-17','Broncos',2019,2019);
INSERT INTO play_for(name,DOB,franchise,start,end) VALUES ('Ty Johnson','1997-09-17','Lions',2020,2020);
INSERT INTO play_for(name,DOB,franchise,start,end) VALUES ('Ty Johnson','1997-09-17','Jets',2020,2021);
INSERT INTO play_for(name,DOB,franchise,start,end) VALUES ('Royce Freeman','1996-02-24','Broncos',2018,2020);
INSERT INTO play_for(name,DOB,franchise,start,end) VALUES ('Royce Freeman','1996-02-24','Panthers',2021,2021);
INSERT INTO play_for(name,DOB,franchise,start,end) VALUES ('Royce Freeman','1996-02-24','Texans',2021,2021);
INSERT INTO play_for(name,DOB,franchise,start,end) VALUES ('Dontrell Hilliard','1995-02-26','Browns',2018,2020);
INSERT INTO play_for(name,DOB,franchise,start,end) VALUES ('Dontrell Hilliard','1995-02-26','Texans',2020,2020);
INSERT INTO play_for(name,DOB,franchise,start,end) VALUES ('Dontrell Hilliard','1995-02-26','Titans',2021,2021);
INSERT INTO play_for(name,DOB,franchise,start,end) VALUES ('Nyheim Hines','1996-11-12','Colts',2018,2021);
INSERT INTO play_for(name,DOB,franchise,start,end) VALUES ('Peyton Barber','1994-06-27','Buccaneers',2016,2019);
INSERT INTO play_for(name,DOB,franchise,start,end) VALUES ('Peyton Barber','1994-06-28','Commanders',2020,2020);
INSERT INTO play_for(name,DOB,franchise,start,end) VALUES ('Peyton Barber','1994-06-28','Raiders',2021,2021);
INSERT INTO play_for(name,DOB,franchise,start,end) VALUES ('Samaje Perine','1995-09-16','Commanders',2017,2018);
INSERT INTO play_for(name,DOB,franchise,start,end) VALUES ('Samaje Perine','1995-09-16','Dolphins',2019,2019);
INSERT INTO play_for(name,DOB,franchise,start,end) VALUES ('Samaje Perine','1995-09-16','Bengals',2020,2021);
INSERT INTO play_for(name,DOB,franchise,start,end) VALUES ('Craig Reynolds','1996-06-15','Commanders',2019,2019);
INSERT INTO play_for(name,DOB,franchise,start,end) VALUES ('Craig Reynolds','1996-06-15','Jaguars',2020,2020);
INSERT INTO play_for(name,DOB,franchise,start,end) VALUES ('Craig Reynolds','1996-06-15','Lions',2021,2021);
INSERT INTO play_for(name,DOB,franchise,start,end) VALUES ('Salvon Ahmed','1998-12-29','Dolphins',2020,2021);
INSERT INTO play_for(name,DOB,franchise,start,end) VALUES ('Chris Carson','1994-09-16','Seahawks',2017,2021);
INSERT INTO play_for(name,DOB,franchise,start,end) VALUES ('Tony Jones','1997-11-24','Saints',2020,2021);
INSERT INTO play_for(name,DOB,franchise,start,end) VALUES ('Ameer Abdullah','1993-06-13','Lions',2015,2018);
INSERT INTO play_for(name,DOB,franchise,start,end) VALUES ('Ameer Abdullah','1993-06-13','Vikings',2018,2020);
INSERT INTO play_for(name,DOB,franchise,start,end) VALUES ('Ameer Abdullah','1993-06-13','Panthers',2021,2021);
INSERT INTO play_for(name,DOB,franchise,start,end) VALUES ('Derrick Gore','1994-12-13','Chiefs',2021,2021);
INSERT INTO play_for(name,DOB,franchise,start,end) VALUES ('J.D. McKissic','1993-08-15','Seahawks',2016,2018);
INSERT INTO play_for(name,DOB,franchise,start,end) VALUES ('J.D. McKissic','1993-08-15','Lions',2019,2019);
INSERT INTO play_for(name,DOB,franchise,start,end) VALUES ('J.D. McKissic','1993-08-15','Commanders',2020,2021);
INSERT INTO play_for(name,DOB,franchise,start,end) VALUES ('Brandon Bolden','1990-01-27','Dolphins',2018,2018);
INSERT INTO play_for(name,DOB,franchise,start,end) VALUES ('Brandon Bolden','1990-01-27','Patriots',2019,2021);
INSERT INTO play_for(name,DOB,franchise,start,end) VALUES ('Dare Ogunbowale','1994-05-04','Commanders',2017,2017);
INSERT INTO play_for(name,DOB,franchise,start,end) VALUES ('Dare Ogunbowale','1994-05-04','Buccaneers',2018,2019);
INSERT INTO play_for(name,DOB,franchise,start,end) VALUES ('Dare Ogunbowale','1994-05-04','Jaguars',2020,2021);
INSERT INTO play_for(name,DOB,franchise,start,end) VALUES ('Jeremy McNichols','1995-12-26','49ers',2017,2017);
INSERT INTO play_for(name,DOB,franchise,start,end) VALUES ('Jeremy McNichols','1995-12-26','Colts',2018,2018);
INSERT INTO play_for(name,DOB,franchise,start,end) VALUES ('Jeremy McNichols','1995-12-26','Jaguars',2019,2019);
INSERT INTO play_for(name,DOB,franchise,start,end) VALUES ('Jeremy McNichols','1995-12-26','Titans',2020,2021);
INSERT INTO play_for(name,DOB,franchise,start,end) VALUES ('Trey Sermon','1999-01-30','49ers',2021,2021);
INSERT INTO play_for(name,DOB,franchise,start,end) VALUES ('Damien Williams','1992-04-03','Dolphins',2014,2017);
INSERT INTO play_for(name,DOB,franchise,start,end) VALUES ('Damien Williams','1992-04-03','Chiefs',2018,2019);
INSERT INTO play_for(name,DOB,franchise,start,end) VALUES ('Damien Williams','1992-04-03','Bears',2021,2021);
INSERT INTO play_for(name,DOB,franchise,start,end) VALUES ('Le''Veon Bell','1992-02-18','Steelers',2013,2017);
INSERT INTO play_for(name,DOB,franchise,start,end) VALUES ('Le''Veon Bell','1992-02-18','Chiefs',2020,2020);
INSERT INTO play_for(name,DOB,franchise,start,end) VALUES ('Le''Veon Bell','1992-02-18','Jets',2020,2020);
INSERT INTO play_for(name,DOB,franchise,start,end) VALUES ('Le''Veon Bell','1992-02-18','Ravens',2021,2021);
INSERT INTO play_for(name,DOB,franchise,start,end) VALUES ('Le''Veon Bell','1992-02-18','Buccaneers',2021,2021);
INSERT INTO play_for(name,DOB,franchise,start,end) VALUES ('Adrian Peterson','1985-03-21','Vikings',2007,2016);
INSERT INTO play_for(name,DOB,franchise,start,end) VALUES ('Adrian Peterson','1985-03-21','Cardinals',2017,2017);
INSERT INTO play_for(name,DOB,franchise,start,end) VALUES ('Adrian Peterson','1985-03-21','Saints',2017,2017);
INSERT INTO play_for(name,DOB,franchise,start,end) VALUES ('Adrian Peterson','1985-03-21','Commanders',2018,2019);
INSERT INTO play_for(name,DOB,franchise,start,end) VALUES ('Adrian Peterson','1985-03-21','Lions',2020,2020);
INSERT INTO play_for(name,DOB,franchise,start,end) VALUES ('Adrian Peterson','1985-03-21','Titans',2021,2021);
INSERT INTO play_for(name,DOB,franchise,start,end) VALUES ('Adrian Peterson','1985-03-21','Seahawks',2021,2021);
INSERT INTO play_for(name,DOB,franchise,start,end) VALUES ('Larry Rountree','1999-02-13','Chargers',2021,2021);
INSERT INTO play_for(name,DOB,franchise,start,end) VALUES ('Benny Snell Jr.','1998-02-26','Steelers',2019,2021);
INSERT INTO play_for(name,DOB,franchise,start,end) VALUES ('Ke''Shawn Vaughn','1997-05-04','Buccaneers',2020,2021);
INSERT INTO play_for(name,DOB,franchise,start,end) VALUES ('Ty''Son Williams','1996-09-04','Ravens',2021,2021);
INSERT INTO play_for(name,DOB,franchise,start,end) VALUES ('Eno Benjamin','1999-04-13','Cardinals',2021,2021);
INSERT INTO play_for(name,DOB,franchise,start,end) VALUES ('Malcolm Brown','1993-05-15','Rams',2015,2020);
INSERT INTO play_for(name,DOB,franchise,start,end) VALUES ('Malcolm Brown','1993-05-15','Dolphins',2021,2021);
INSERT INTO play_for(name,DOB,franchise,start,end) VALUES ('Corey Clement','1994-11-02','Eagles',2017,2020);
INSERT INTO play_for(name,DOB,franchise,start,end) VALUES ('Corey Clement','1994-11-02','Cowboys',2021,2021);
INSERT INTO play_for(name,DOB,franchise,start,end) VALUES ('DeeJay Dallas','1998-09-16','Seahawks',2020,2021);
INSERT INTO play_for(name,DOB,franchise,start,end) VALUES ('Joshua Kelley','1997-11-20','Chargers',2020,2021);